name	start	end	length	id	type	isfamily	isgroup	is_score	is_expected	is_frame	is_perc_of_orf	is_origin	
completeIS_0.95	2884107	2885255	1149	<unknown id>	ISFsp4_orf2 	IS200/IS605	-	1493.0	0.0	(3, 0)	0.997	Frankia sp.	2.0	is_name:ISFsp4_orf2 	original_orf:384	original_aa_length:383	family:IS200/IS605	group:-	origin:Frankia sp.	ntlength:1784.0	orflength:384	numorfs:2.0	sbjct_start:1	sbjct_end:383	expected:0.0	score:1493.0	query_length:1244	query_start:93	identities:346	align_length:383	positives:362	query_end:1241	frame:(3, 0)	bits:579.711	mod_query_start:2884106	mod_query_end:2885254	perc_of_orf:0.997	
IS	4684446	4685543	1098	<unknown id>	ISScl2_orf1 	ISAzo13	-	1250.0	1.57654e-170	(-1, 0)	0.649	Streptomyces clavuligerus	1.0	is_name:ISScl2_orf1 	original_orf:564	original_aa_length:366	family:ISAzo13	group:-	origin:Streptomyces clavuligerus	ntlength:1819.0	orflength:564	numorfs:1.0	sbjct_start:11	sbjct_end:376	expected:1.57654e-170	score:1250.0	query_length:1172	query_start:36	identities:287	align_length:366	positives:311	query_end:1133	frame:(-1, 0)	bits:486.108	mod_query_start:4684445	mod_query_end:4685542	perc_of_orf:0.649	
completeIS_0.95	3573732	3574853	1122	<unknown id>	ISTel3_orf1 	IS200/IS605	IS1341	1098.0	1.41191e-149	(-1, 0)	0.962	Thermosynechococcus elongatus	1.0	is_name:ISTel3_orf1 	original_orf:390	original_aa_length:375	family:IS200/IS605	group:IS1341	origin:Thermosynechococcus elongatus	ntlength:1323.0	orflength:390	numorfs:1.0	sbjct_start:1	sbjct_end:375	expected:1.41191e-149	score:1098.0	query_length:1268	query_start:99	identities:211	align_length:376	positives:271	query_end:1220	frame:(-1, 0)	bits:427.557	mod_query_start:3573731	mod_query_end:3574852	perc_of_orf:0.962	
IS	4625310	4626281	972	<unknown id>	ISFsp17_orf1 	ISKra4	ISKra4	1005.0	4.8362e-135	(3, 0)	0.667	Frankia sp.	1.0	is_name:ISFsp17_orf1 	original_orf:501	original_aa_length:334	family:ISKra4	group:ISKra4	origin:Frankia sp.	ntlength:1693.0	orflength:501	numorfs:1.0	sbjct_start:162	sbjct_end:495	expected:4.8362e-135	score:1005.0	query_length:1049	query_start:9	identities:219	align_length:334	positives:244	query_end:980	frame:(3, 0)	bits:391.734	mod_query_start:4625309	mod_query_end:4626280	perc_of_orf:0.667	
wholeIS_0.8	3575358	3576416	1059	<unknown id>	ISFsp4_orf2 	IS200/IS605	-	894.0	5.94854e-119	(-1, 0)	0.94	Frankia sp.	2.0	is_name:ISFsp4_orf2 	original_orf:384	original_aa_length:361	family:IS200/IS605	group:-	origin:Frankia sp.	ntlength:1784.0	orflength:384	numorfs:2.0	sbjct_start:19	sbjct_end:379	expected:5.94854e-119	score:894.0	query_length:1226	query_start:27	identities:214	align_length:363	positives:251	query_end:1085	frame:(-1, 0)	bits:348.977	mod_query_start:3575357	mod_query_end:3576415	perc_of_orf:0.94	
wholeIS_0.8	4484395	4485516	1122	<unknown id>	ISMpa1_orf1 	IS110	-	854.0	5.01979e-113	(3, 0)	0.914	Mycobacterium avium	1.0	is_name:ISMpa1_orf1 	original_orf:407	original_aa_length:372	family:IS110	group:-	origin:Mycobacterium avium	ntlength:1500.0	orflength:407	numorfs:1.0	sbjct_start:29	sbjct_end:400	expected:5.01979e-113	score:854.0	query_length:1133	query_start:9	identities:220	align_length:375	positives:261	query_end:1130	frame:(3, 0)	bits:333.569	mod_query_start:4484394	mod_query_end:4485515	perc_of_orf:0.914	
IS	4808904	4809656	753	<unknown id>	ISFsp6_orf1 	IS4	IS4	846.0	2.47031e-115	(1, 0)	0.591	Frankia sp.	1.0	is_name:ISFsp6_orf1 	original_orf:421	original_aa_length:249	family:IS4	group:IS4	origin:Frankia sp.	ntlength:1472.0	orflength:421	numorfs:1.0	sbjct_start:89	sbjct_end:337	expected:2.47031e-115	score:846.0	query_length:1014	query_start:262	identities:219	align_length:251	positives:223	query_end:1014	frame:(1, 0)	bits:330.487	mod_query_start:4808903	mod_query_end:4809655	perc_of_orf:0.591	
wholeIS_0.8	4626647	4627600	954	<unknown id>	ISAar4_orf2 	IS3	IS3	840.0	6.74561e-111	(-3, 0)	0.926	Arthrobacter arilaitensis	3.0	is_name:ISAar4_orf2 	original_orf:339	original_aa_length:314	family:IS3	group:IS3	origin:Arthrobacter arilaitensis	ntlength:1304.0	orflength:339	numorfs:3.0	sbjct_start:26	sbjct_end:339	expected:6.74561e-111	score:840.0	query_length:1345	query_start:147	identities:169	align_length:320	positives:222	query_end:1100	frame:(-3, 0)	bits:328.176	mod_query_start:4626646	mod_query_end:4627599	perc_of_orf:0.926	
wholeIS_0.8	4537257	4538483	1227	<unknown id>	ISSav4_orf1 	IS701	-	825.0	9.18368e-108	(3, 0)	0.948	Streptomyces avermitilis	1.0	is_name:ISSav4_orf1 	original_orf:424	original_aa_length:402	family:IS701	group:-	origin:Streptomyces avermitilis	ntlength:1426.0	orflength:424	numorfs:1.0	sbjct_start:5	sbjct_end:406	expected:9.18368e-108	score:825.0	query_length:1277	query_start:12	identities:215	align_length:420	positives:253	query_end:1238	frame:(3, 0)	bits:322.398	mod_query_start:4537256	mod_query_end:4538482	perc_of_orf:0.948	
wholeIS_0.8	4546189	4547196	1008	<unknown id>	ISAar44_orf2 	IS3	IS3	815.0	2.43705e-106	(2, 0)	0.849	Arthrobacter arilaitensis	3.0	is_name:ISAar44_orf2 	original_orf:397	original_aa_length:337	family:IS3	group:IS3	origin:Arthrobacter arilaitensis	ntlength:1599.0	orflength:397	numorfs:3.0	sbjct_start:25	sbjct_end:361	expected:2.43705e-106	score:815.0	query_length:1327	query_start:257	identities:174	align_length:341	positives:211	query_end:1264	frame:(2, 0)	bits:318.546	mod_query_start:4546188	mod_query_end:4547195	perc_of_orf:0.849	
wholeIS_0.8	291025	292239	1215	<unknown id>	ISMac24_orf1 	IS66	ISBst12	784.0	1.78682e-100	(-1, 0)	0.906	Methanosarcina acetivorans	1.0	is_name:ISMac24_orf1 	original_orf:477	original_aa_length:432	family:IS66	group:ISBst12	origin:Methanosarcina acetivorans	ntlength:1534.0	orflength:477	numorfs:1.0	sbjct_start:42	sbjct_end:473	expected:1.78682e-100	score:784.0	query_length:1361	query_start:69	identities:161	align_length:432	positives:235	query_end:1283	frame:(-1, 0)	bits:306.605	mod_query_start:291024	mod_query_end:292238	perc_of_orf:0.906	
IS	4514916	4515500	585	<unknown id>	ISFsp17_orf1 	ISKra4	ISKra4	745.0	7.15681e-98	(3, 0)	0.389	Frankia sp.	1.0	is_name:ISFsp17_orf1 	original_orf:501	original_aa_length:195	family:ISKra4	group:ISKra4	origin:Frankia sp.	ntlength:1693.0	orflength:501	numorfs:1.0	sbjct_start:305	sbjct_end:499	expected:7.15681e-98	score:745.0	query_length:659	query_start:72	identities:140	align_length:195	positives:161	query_end:656	frame:(3, 0)	bits:291.582	mod_query_start:4514915	mod_query_end:4515499	perc_of_orf:0.389	
IS	4782294	4783184	891	<unknown id>	ISFsp17_orf1 	ISKra4	ISKra4	710.0	4.90233e-91	(-1, 0)	0.591	Frankia sp.	1.0	is_name:ISFsp17_orf1 	original_orf:501	original_aa_length:296	family:ISKra4	group:ISKra4	origin:Frankia sp.	ntlength:1693.0	orflength:501	numorfs:1.0	sbjct_start:33	sbjct_end:328	expected:4.90233e-91	score:710.0	query_length:956	query_start:15	identities:168	align_length:300	positives:200	query_end:905	frame:(-1, 0)	bits:278.1	mod_query_start:4782293	mod_query_end:4783183	perc_of_orf:0.591	
IS	4845988	4846590	603	<unknown id>	ISFal3A_orf1 	IS5	IS1031	709.0	8.48003e-95	(3, 0)	0.648	Frankia alni	1.0	is_name:ISFal3A_orf1 	original_orf:310	original_aa_length:201	family:IS5	group:IS1031	origin:Frankia alni	ntlength:1087.0	orflength:310	numorfs:1.0	sbjct_start:31	sbjct_end:231	expected:8.48003e-95	score:709.0	query_length:692	query_start:72	identities:139	align_length:201	positives:162	query_end:674	frame:(3, 0)	bits:277.715	mod_query_start:4845987	mod_query_end:4846589	perc_of_orf:0.648	
IS	4704317	4705021	705	<unknown id>	ISArch4_orf3 	IS630	-	632.0	3.12193e-84	(2, 0)	0.603	Uncultured archaeon	3.0	is_name:ISArch4_orf3 	original_orf:388	original_aa_length:234	family:IS630	group:-	origin:Uncultured archaeon	ntlength:1212.0	orflength:388	numorfs:3.0	sbjct_start:152	sbjct_end:385	expected:3.12193e-84	score:632.0	query_length:1105	query_start:395	identities:124	align_length:235	positives:154	query_end:1099	frame:(2, 0)	bits:248.054	mod_query_start:4704316	mod_query_end:4705020	perc_of_orf:0.603	
ISstart	4394343	4394756	414	<unknown id>	ISFsp4_orf2 	IS200/IS605	-	569.0	5.47145e-73	(1, 0)	0.359	Frankia sp.	2.0	is_name:ISFsp4_orf2 	original_orf:384	original_aa_length:138	family:IS200/IS605	group:-	origin:Frankia sp.	ntlength:1784.0	orflength:384	numorfs:2.0	sbjct_start:43	sbjct_end:180	expected:5.47145e-73	score:569.0	query_length:630	query_start:214	identities:125	align_length:138	positives:131	query_end:627	frame:(1, 0)	bits:223.787	mod_query_start:4394342	mod_query_end:4394755	perc_of_orf:0.359	
IS	4853746	4854234	489	<unknown id>	ISFal3A_orf1 	IS5	IS1031	541.0	3.14613e-69	(-1, 0)	0.526	Frankia alni	1.0	is_name:ISFal3A_orf1 	original_orf:310	original_aa_length:163	family:IS5	group:IS1031	origin:Frankia alni	ntlength:1087.0	orflength:310	numorfs:1.0	sbjct_start:21	sbjct_end:183	expected:3.14613e-69	score:541.0	query_length:728	query_start:240	identities:114	align_length:163	positives:127	query_end:728	frame:(-1, 0)	bits:213.001	mod_query_start:4853745	mod_query_end:4854233	perc_of_orf:0.526	
ISstart	4313451	4313819	369	<unknown id>	ISSco3_orf1 	IS5	IS1031	514.0	3.10278e-67	(-1, 0)	0.437	Streptomyces coelicolor	1.0	is_name:ISSco3_orf1 	original_orf:279	original_aa_length:122	family:IS5	group:IS1031	origin:Streptomyces coelicolor	ntlength:1101.0	orflength:279	numorfs:1.0	sbjct_start:9	sbjct_end:130	expected:3.10278e-67	score:514.0	query_length:422	query_start:3	identities:96	align_length:123	positives:106	query_end:371	frame:(-1, 0)	bits:202.601	mod_query_start:4313450	mod_query_end:4313818	perc_of_orf:0.437	
IS	4872521	4872805	285	<unknown id>	ISFsp7_orf1 	IS5	ISL2	459.0	9.45701e-60	(3, 0)	0.343	Frankia sp.	1.0	is_name:ISFsp7_orf1 	original_orf:277	original_aa_length:95	family:IS5	group:ISL2	origin:Frankia sp.	ntlength:1041.0	orflength:277	numorfs:1.0	sbjct_start:110	sbjct_end:204	expected:9.45701e-60	score:459.0	query_length:287	query_start:3	identities:86	align_length:95	positives:91	query_end:287	frame:(3, 0)	bits:181.415	mod_query_start:4872520	mod_query_end:4872804	perc_of_orf:0.343	
IS	4341607	4342020	414	<unknown id>	ISMae25_orf3 	IS630	-	443.0	3.70504e-55	(3, 0)	0.352	Microcystis aeruginosa	3.0	is_name:ISMae25_orf3 	original_orf:392	original_aa_length:138	family:IS630	group:-	origin:Microcystis aeruginosa	ntlength:1246.0	orflength:392	numorfs:3.0	sbjct_start:241	sbjct_end:378	expected:3.70504e-55	score:443.0	query_length:422	query_start:6	identities:83	align_length:138	positives:99	query_end:419	frame:(3, 0)	bits:175.252	mod_query_start:4341606	mod_query_end:4342019	perc_of_orf:0.352	
IS	3999311	3999754	444	<unknown id>	ISAar4_orf3 	IS3	IS3	436.0	1.60182e-53	(-1, 0)	0.375	Arthrobacter arilaitensis	3.0	is_name:ISAar4_orf3 	original_orf:395	original_aa_length:148	family:IS3	group:IS3	origin:Arthrobacter arilaitensis	ntlength:1304.0	orflength:395	numorfs:3.0	sbjct_start:248	sbjct_end:395	expected:1.60182e-53	score:436.0	query_length:533	query_start:21	identities:82	align_length:148	positives:108	query_end:464	frame:(-1, 0)	bits:172.555	mod_query_start:3999310	mod_query_end:3999753	perc_of_orf:0.375	
completeIS_0.95	2482612	2483778	1167	<unknown id>	ISTfu1_orf2 	IS200/IS605	-	435.0	1.5289e-50	(3, 0)	0.972	Thermobifida fusca	2.0	is_name:ISTfu1_orf2 	original_orf:397	original_aa_length:386	family:IS200/IS605	group:-	origin:Thermobifida fusca	ntlength:1743.0	orflength:397	numorfs:2.0	sbjct_start:6	sbjct_end:391	expected:1.5289e-50	score:435.0	query_length:1178	query_start:12	identities:165	align_length:395	positives:217	query_end:1178	frame:(3, 0)	bits:172.17	mod_query_start:2482611	mod_query_end:2483777	perc_of_orf:0.972	
ISstart	3220748	3221137	390	<unknown id>	ISFsp7_orf1 	IS5	ISL2	425.0	1.50778e-53	(3, 0)	0.469	Frankia sp.	1.0	is_name:ISFsp7_orf1 	original_orf:277	original_aa_length:130	family:IS5	group:ISL2	origin:Frankia sp.	ntlength:1041.0	orflength:277	numorfs:1.0	sbjct_start:2	sbjct_end:131	expected:1.50778e-53	score:425.0	query_length:455	query_start:3	identities:80	align_length:130	positives:96	query_end:392	frame:(3, 0)	bits:168.318	mod_query_start:3220747	mod_query_end:3221136	perc_of_orf:0.469	
ISstart	4857333	4857656	324	<unknown id>	ISFsp7_orf1 	IS5	ISL2	422.0	6.2021e-54	(3, 0)	0.39	Frankia sp.	1.0	is_name:ISFsp7_orf1 	original_orf:277	original_aa_length:108	family:IS5	group:ISL2	origin:Frankia sp.	ntlength:1041.0	orflength:277	numorfs:1.0	sbjct_start:1	sbjct_end:108	expected:6.2021e-54	score:422.0	query_length:326	query_start:3	identities:93	align_length:108	positives:99	query_end:326	frame:(3, 0)	bits:167.162	mod_query_start:4857332	mod_query_end:4857655	perc_of_orf:0.39	
ISstart	4870052	4870369	318	<unknown id>	ISFsp7_orf1 	IS5	ISL2	407.0	1.88868e-51	(3, 0)	0.383	Frankia sp.	1.0	is_name:ISFsp7_orf1 	original_orf:277	original_aa_length:106	family:IS5	group:ISL2	origin:Frankia sp.	ntlength:1041.0	orflength:277	numorfs:1.0	sbjct_start:2	sbjct_end:107	expected:1.88868e-51	score:407.0	query_length:365	query_start:3	identities:90	align_length:106	positives:96	query_end:320	frame:(3, 0)	bits:161.384	mod_query_start:4870051	mod_query_end:4870368	perc_of_orf:0.383	
wholeIS_0.8	4458650	4460206	1557	<unknown id>	ISMac10_orf1 	IS1634	-	396.0	1.36854e-42	(3, 0)	0.92	Methanosarcina acetivorans	1.0	is_name:ISMac10_orf1 	original_orf:553	original_aa_length:509	family:IS1634	group:-	origin:Methanosarcina acetivorans	ntlength:1926.0	orflength:553	numorfs:1.0	sbjct_start:6	sbjct_end:514	expected:1.36854e-42	score:396.0	query_length:1571	query_start:15	identities:125	align_length:525	positives:239	query_end:1571	frame:(3, 0)	bits:157.147	mod_query_start:4458649	mod_query_end:4460205	perc_of_orf:0.92	
ISstart	481826	482350	525	<unknown id>	ISEc42_orf1 	IS200/IS605	IS1341	391.0	4.93683e-47	(3, 0)	0.457	Escherichia coli	1.0	is_name:ISEc42_orf1 	original_orf:376	original_aa_length:172	family:IS200/IS605	group:IS1341	origin:Escherichia coli	ntlength:1291.0	orflength:376	numorfs:1.0	sbjct_start:1	sbjct_end:172	expected:4.93683e-47	score:391.0	query_length:548	query_start:21	identities:79	align_length:175	positives:111	query_end:545	frame:(3, 0)	bits:155.221	mod_query_start:481825	mod_query_end:482349	perc_of_orf:0.457	
wholeIS_0.8	3694443	3695585	1143	<unknown id>	ISMma22_orf2 	IS200/IS605	-	390.0	3.23037e-44	(3, 0)	0.941	Methanosarcina mazei	2.0	is_name:ISMma22_orf2 	original_orf:373	original_aa_length:351	family:IS200/IS605	group:-	origin:Methanosarcina mazei	ntlength:1658.0	orflength:373	numorfs:2.0	sbjct_start:7	sbjct_end:357	expected:3.23037e-44	score:390.0	query_length:1151	query_start:9	identities:121	align_length:383	positives:179	query_end:1151	frame:(3, 0)	bits:154.836	mod_query_start:3694442	mod_query_end:3695584	perc_of_orf:0.941	
ISstart	4506374	4506937	564	<unknown id>	ISMac24_orf1 	IS66	ISBst12	390.0	3.27682e-75	(-1, 0)	0.409	Methanosarcina acetivorans	1.0	is_name:ISMac24_orf1 	original_orf:477	original_aa_length:195	family:IS66	group:ISBst12	origin:Methanosarcina acetivorans	ntlength:1534.0	orflength:477	numorfs:1.0	sbjct_start:44	sbjct_end:238	expected:3.27682e-75	score:390.0	query_length:1285	query_start:722	identities:83	align_length:195	positives:111	query_end:1285	frame:(-1, 0)	bits:154.836	mod_query_start:4506373	mod_query_end:4506936	perc_of_orf:0.409	
IS	4647148	4647861	714	<unknown id>	ISMex43_orf1 	IS200/IS605	IS1341	388.0	3.55652e-45	(3, 0)	0.555	Methylobacterium extorquens	1.0	is_name:ISMex43_orf1 	original_orf:409	original_aa_length:227	family:IS200/IS605	group:IS1341	origin:Methylobacterium extorquens	ntlength:1250.0	orflength:409	numorfs:1.0	sbjct_start:143	sbjct_end:369	expected:3.55652e-45	score:388.0	query_length:779	query_start:3	identities:102	align_length:238	positives:130	query_end:716	frame:(3, 0)	bits:154.066	mod_query_start:4647147	mod_query_end:4647860	perc_of_orf:0.555	
ISstart	4492174	4492632	459	<unknown id>	ISAzo28_orf1 	IS110	-	387.0	1.66141e-44	(3, 0)	0.373	Azoarcus sp.	1.0	is_name:ISAzo28_orf1 	original_orf:407	original_aa_length:152	family:IS110	group:-	origin:Azoarcus sp.	ntlength:1486.0	orflength:407	numorfs:1.0	sbjct_start:1	sbjct_end:152	expected:1.66141e-44	score:387.0	query_length:887	query_start:3	identities:88	align_length:153	positives:110	query_end:461	frame:(3, 0)	bits:153.68	mod_query_start:4492173	mod_query_end:4492631	perc_of_orf:0.373	
IS	4852676	4853221	546	<unknown id>	ISMma14_orf1 	IS66	ISBst12	370.0	8.39388e-42	(-1, 0)	0.384	Methanosarcina mazei	1.0	is_name:ISMma14_orf1 	original_orf:477	original_aa_length:183	family:IS66	group:ISBst12	origin:Methanosarcina mazei	ntlength:1529.0	orflength:477	numorfs:1.0	sbjct_start:111	sbjct_end:293	expected:8.39388e-42	score:370.0	query_length:815	query_start:237	identities:72	align_length:183	positives:100	query_end:782	frame:(-1, 0)	bits:147.132	mod_query_start:4852675	mod_query_end:4853220	perc_of_orf:0.384	
IS	3537542	3538336	795	<unknown id>	ISMex23_orf1 	IS200/IS605	IS1341	367.0	7.32468e-42	(3, 0)	0.641	Methylobacterium extorquens	1.0	is_name:ISMex23_orf1 	original_orf:409	original_aa_length:262	family:IS200/IS605	group:IS1341	origin:Methylobacterium extorquens	ntlength:1390.0	orflength:409	numorfs:1.0	sbjct_start:8	sbjct_end:269	expected:7.32468e-42	score:367.0	query_length:812	query_start:15	identities:107	align_length:266	positives:151	query_end:809	frame:(3, 0)	bits:145.976	mod_query_start:3537541	mod_query_end:3538335	perc_of_orf:0.641	
IS	4505676	4506371	696	<unknown id>	ISMac24_orf1 	IS66	ISBst12	366.0	9.46054e-42	(-3, 0)	0.495	Methanosarcina acetivorans	1.0	is_name:ISMac24_orf1 	original_orf:477	original_aa_length:236	family:IS66	group:ISBst12	origin:Methanosarcina acetivorans	ntlength:1534.0	orflength:477	numorfs:1.0	sbjct_start:240	sbjct_end:475	expected:9.46054e-42	score:366.0	query_length:721	query_start:24	identities:87	align_length:241	positives:127	query_end:719	frame:(-3, 0)	bits:145.591	mod_query_start:4505675	mod_query_end:4506370	perc_of_orf:0.495	
ISstart	4856726	4857151	426	<unknown id>	ISSav4_orf1 	IS701	-	359.0	1.80739e-42	(-1, 0)	0.337	Streptomyces avermitilis	1.0	is_name:ISSav4_orf1 	original_orf:424	original_aa_length:143	family:IS701	group:-	origin:Streptomyces avermitilis	ntlength:1426.0	orflength:424	numorfs:1.0	sbjct_start:1	sbjct_end:143	expected:1.80739e-42	score:359.0	query_length:431	query_start:6	identities:78	align_length:143	positives:93	query_end:431	frame:(-1, 0)	bits:142.895	mod_query_start:4856725	mod_query_end:4857150	perc_of_orf:0.337	
IS	4394854	4395210	357	<unknown id>	ISFsp4_orf2 	IS200/IS605	-	358.0	1.5727e-42	(3, 0)	0.284	Frankia sp.	2.0	is_name:ISFsp4_orf2 	original_orf:384	original_aa_length:109	family:IS200/IS605	group:-	origin:Frankia sp.	ntlength:1784.0	orflength:384	numorfs:2.0	sbjct_start:217	sbjct_end:325	expected:1.5727e-42	score:358.0	query_length:465	query_start:3	identities:87	align_length:119	positives:95	query_end:359	frame:(3, 0)	bits:142.51	mod_query_start:4394853	mod_query_end:4395209	perc_of_orf:0.284	
IS	4816868	4817320	453	<unknown id>	ISMt1_orf1 	IS5	IS427	328.0	9.90013e-39	(-1, 0)	0.492	Mycobacterium tuberculosis	1.0	is_name:ISMt1_orf1 	original_orf:307	original_aa_length:151	family:IS5	group:IS427	origin:Mycobacterium tuberculosis	ntlength:969.0	orflength:307	numorfs:1.0	sbjct_start:145	sbjct_end:295	expected:9.90013e-39	score:328.0	query_length:473	query_start:21	identities:69	align_length:151	positives:94	query_end:473	frame:(-1, 0)	bits:130.954	mod_query_start:4816867	mod_query_end:4817319	perc_of_orf:0.492	
ISstart	3403816	3404259	444	<unknown id>	ISFsp5_orf1 	IS4	IS4	312.0	9.13899e-34	(3, 0)	0.36	Frankia sp.	1.0	is_name:ISFsp5_orf1 	original_orf:420	original_aa_length:151	family:IS4	group:IS4	origin:Frankia sp.	ntlength:1617.0	orflength:420	numorfs:1.0	sbjct_start:15	sbjct_end:165	expected:9.13899e-34	score:312.0	query_length:866	query_start:6	identities:70	align_length:152	positives:95	query_end:449	frame:(3, 0)	bits:124.79	mod_query_start:3403815	mod_query_end:3404258	perc_of_orf:0.36	
IS	3134357	3135178	822	<unknown id>	ISMma22_orf2 	IS200/IS605	-	305.0	4.50816e-33	(-1, 0)	0.71	Methanosarcina mazei	2.0	is_name:ISMma22_orf2 	original_orf:373	original_aa_length:265	family:IS200/IS605	group:-	origin:Methanosarcina mazei	ntlength:1658.0	orflength:373	numorfs:2.0	sbjct_start:11	sbjct_end:275	expected:4.50816e-33	score:305.0	query_length:854	query_start:3	identities:93	align_length:279	positives:132	query_end:824	frame:(-1, 0)	bits:122.094	mod_query_start:3134356	mod_query_end:3135177	perc_of_orf:0.71	
IS	3404260	3404676	417	<unknown id>	ISFsp5_orf1 	IS4	IS4	291.0	1.00816e-32	(1, 0)	0.331	Frankia sp.	1.0	is_name:ISFsp5_orf1 	original_orf:420	original_aa_length:139	family:IS4	group:IS4	origin:Frankia sp.	ntlength:1617.0	orflength:420	numorfs:1.0	sbjct_start:259	sbjct_end:397	expected:1.00816e-32	score:291.0	query_length:417	query_start:1	identities:70	align_length:140	positives:86	query_end:417	frame:(1, 0)	bits:116.701	mod_query_start:3403810	mod_query_end:3404226	perc_of_orf:0.331	
ISend	4864069	4864302	234	<unknown id>	ISSav4_orf1 	IS701	-	288.0	5.53966e-32	(-1, 0)	0.184	Streptomyces avermitilis	1.0	is_name:ISSav4_orf1 	original_orf:424	original_aa_length:78	family:IS701	group:-	origin:Streptomyces avermitilis	ntlength:1426.0	orflength:424	numorfs:1.0	sbjct_start:318	sbjct_end:395	expected:5.53966e-32	score:288.0	query_length:470	query_start:3	identities:54	align_length:78	positives:58	query_end:236	frame:(-1, 0)	bits:115.546	mod_query_start:4864068	mod_query_end:4864301	perc_of_orf:0.184	
IS	4849481	4849987	507	<unknown id>	ISHoc2_orf1 	ISKra4	ISKra4	269.0	1.71515e-28	(3, 0)	0.325	Haliangium ochraceum	1.0	is_name:ISHoc2_orf1 	original_orf:514	original_aa_length:167	family:ISKra4	group:ISKra4	origin:Haliangium ochraceum	ntlength:1715.0	orflength:514	numorfs:1.0	sbjct_start:335	sbjct_end:501	expected:1.71515e-28	score:269.0	query_length:560	query_start:3	identities:66	align_length:169	positives:93	query_end:509	frame:(3, 0)	bits:108.227	mod_query_start:4849480	mod_query_end:4849986	perc_of_orf:0.325	
ISstart	4808645	4808902	258	<unknown id>	ISFsp6_orf1 	IS4	IS4	263.0	1.39568e-29	(3, 0)	0.207	Frankia sp.	1.0	is_name:ISFsp6_orf1 	original_orf:421	original_aa_length:87	family:IS4	group:IS4	origin:Frankia sp.	ntlength:1472.0	orflength:421	numorfs:1.0	sbjct_start:2	sbjct_end:88	expected:1.39568e-29	score:263.0	query_length:261	query_start:3	identities:73	align_length:87	positives:77	query_end:260	frame:(3, 0)	bits:105.916	mod_query_start:4808644	mod_query_end:4808901	perc_of_orf:0.207	
wholeIS_0.8	857532	858194	663	<unknown id>	ISStro2_orf1 	IS5	ISL2	255.0	2.6647e-27	(3, 0)	0.854	Streptosporangium roseum	1.0	is_name:ISStro2_orf1 	original_orf:260	original_aa_length:222	family:IS5	group:ISL2	origin:Streptosporangium roseum	ntlength:912.0	orflength:260	numorfs:1.0	sbjct_start:34	sbjct_end:255	expected:2.6647e-27	score:255.0	query_length:683	query_start:21	identities:78	align_length:227	positives:104	query_end:683	frame:(3, 0)	bits:102.834	mod_query_start:857531	mod_query_end:858193	perc_of_orf:0.854	
ISmiddle	4765677	4765877	201	<unknown id>	IS1164_orf1 	IS256	-	255.0	2.53169e-27	(3, 0)	0.162	Rhodococcus rhodochrous	1.0	is_name:IS1164_orf1 	original_orf:414	original_aa_length:67	family:IS256	group:-	origin:Rhodococcus rhodochrous	ntlength:1430.0	orflength:414	numorfs:1.0	sbjct_start:142	sbjct_end:208	expected:2.53169e-27	score:255.0	query_length:467	query_start:267	identities:49	align_length:67	positives:59	query_end:467	frame:(3, 0)	bits:102.834	mod_query_start:4765676	mod_query_end:4765876	perc_of_orf:0.162	
IS	4492636	4493058	423	<unknown id>	ISAzo28_orf1 	IS110	-	254.0	2.12871e-27	(1, 0)	0.342	Azoarcus sp.	1.0	is_name:ISAzo28_orf1 	original_orf:407	original_aa_length:139	family:IS110	group:-	origin:Azoarcus sp.	ntlength:1486.0	orflength:407	numorfs:1.0	sbjct_start:267	sbjct_end:405	expected:2.12871e-27	score:254.0	query_length:426	query_start:4	identities:63	align_length:141	positives:84	query_end:426	frame:(1, 0)	bits:102.449	mod_query_start:4492174	mod_query_end:4492596	perc_of_orf:0.342	
ISstart	4627603	4627836	234	<unknown id>	ISFsp8_orf3 	IS3	IS3	250.0	6.10952e-28	(-1, 0)	0.198	Frankia sp.	3.0	is_name:ISFsp8_orf3 	original_orf:393	original_aa_length:78	family:IS3	group:IS3	origin:Frankia sp.	ntlength:1297.0	orflength:393	numorfs:3.0	sbjct_start:1	sbjct_end:78	expected:6.10952e-28	score:250.0	query_length:245	query_start:3	identities:46	align_length:78	positives:65	query_end:236	frame:(-1, 0)	bits:100.908	mod_query_start:4626502	mod_query_end:4626735	perc_of_orf:0.198	
IS	2254024	2254557	534	<unknown id>	ISPna1_orf3 	IS630	-	249.0	2.25438e-26	(-1, 0)	0.549	Polaromonas naphthalenivorans	3.0	is_name:ISPna1_orf3 	original_orf:377	original_aa_length:207	family:IS630	group:-	origin:Polaromonas naphthalenivorans	ntlength:1179.0	orflength:377	numorfs:3.0	sbjct_start:167	sbjct_end:373	expected:2.25438e-26	score:249.0	query_length:539	query_start:3	identities:66	align_length:213	positives:90	query_end:536	frame:(-1, 0)	bits:100.523	mod_query_start:2254023	mod_query_end:2254556	perc_of_orf:0.549	
IS	4811824	4812381	558	<unknown id>	ISSar1_orf1 	IS5	ISL2	249.0	1.58454e-26	(-1, 0)	0.723	Salinispora arenicola	1.0	is_name:ISSar1_orf1 	original_orf:260	original_aa_length:188	family:IS5	group:ISL2	origin:Salinispora arenicola	ntlength:914.0	orflength:260	numorfs:1.0	sbjct_start:44	sbjct_end:231	expected:1.58454e-26	score:249.0	query_length:683	query_start:75	identities:68	align_length:193	positives:93	query_end:632	frame:(-1, 0)	bits:100.523	mod_query_start:4811823	mod_query_end:4812380	perc_of_orf:0.723	
IS	4817509	4817835	327	<unknown id>	IS1648_orf1 	IS5	IS427	242.0	8.04345e-28	(-1, 0)	0.787	Streptomyces coelicolor	3.0	is_name:IS1648_orf1 	original_orf:141	original_aa_length:111	family:IS5	group:IS427	origin:Streptomyces coelicolor	ntlength:969.0	orflength:141	numorfs:3.0	sbjct_start:1	sbjct_end:111	expected:8.04345e-28	score:242.0	query_length:416	query_start:84	identities:56	align_length:111	positives:73	query_end:410	frame:(-1, 0)	bits:97.8265	mod_query_start:4817508	mod_query_end:4817834	perc_of_orf:0.787	
ISstart	2565664	2565900	237	<unknown id>	ISFsp9_orf1 	IS701	-	241.0	2.75846e-26	(-1, 0)	0.171	Frankia sp.	1.0	is_name:ISFsp9_orf1 	original_orf:462	original_aa_length:79	family:IS701	group:-	origin:Frankia sp.	ntlength:1559.0	orflength:462	numorfs:1.0	sbjct_start:1	sbjct_end:79	expected:2.75846e-26	score:241.0	query_length:263	query_start:12	identities:47	align_length:79	positives:55	query_end:248	frame:(-1, 0)	bits:97.4413	mod_query_start:2565663	mod_query_end:2565899	perc_of_orf:0.171	
ISend	4313890	4314069	180	<unknown id>	ISFsp2_orf1 	IS5	ISL2	240.0	1.61046e-27	(-1, 0)	0.22	Frankia sp.	1.0	is_name:ISFsp2_orf1 	original_orf:277	original_aa_length:61	family:IS5	group:ISL2	origin:Frankia sp.	ntlength:1040.0	orflength:277	numorfs:1.0	sbjct_start:216	sbjct_end:276	expected:1.61046e-27	score:240.0	query_length:182	query_start:3	identities:48	align_length:61	positives:53	query_end:182	frame:(-1, 0)	bits:97.0561	mod_query_start:4313889	mod_query_end:4314068	perc_of_orf:0.22	
ISend	4312334	4312561	228	<unknown id>	ISFsp7_orf1 	IS5	ISL2	239.0	4.47476e-27	(3, 0)	0.278	Frankia sp.	1.0	is_name:ISFsp7_orf1 	original_orf:277	original_aa_length:77	family:IS5	group:ISL2	origin:Frankia sp.	ntlength:1041.0	orflength:277	numorfs:1.0	sbjct_start:200	sbjct_end:276	expected:4.47476e-27	score:239.0	query_length:233	query_start:6	identities:49	align_length:77	positives:54	query_end:233	frame:(3, 0)	bits:96.6709	mod_query_start:4312333	mod_query_end:4312560	perc_of_orf:0.278	
IS	783054	783233	180	<unknown id>	ISFal2_orf1 	IS6	-	235.0	4.61116e-27	(3, 0)	0.254	Frankia alni	1.0	is_name:ISFal2_orf1 	original_orf:236	original_aa_length:60	family:IS6	group:-	origin:Frankia alni	ntlength:826.0	orflength:236	numorfs:1.0	sbjct_start:140	sbjct_end:199	expected:4.61116e-27	score:235.0	query_length:182	query_start:3	identities:47	align_length:60	positives:50	query_end:182	frame:(3, 0)	bits:95.1301	mod_query_start:783053	mod_query_end:783232	perc_of_orf:0.254	
ISmiddle	4648102	4648395	294	<unknown id>	ISCARN69_orf1 	IS630	-	234.0	1.74856e-25	(-1, 0)	0.268	Metagenomic data	1.0	is_name:ISCARN69_orf1 	original_orf:355	original_aa_length:95	family:IS630	group:-	origin:Metagenomic data	ntlength:1153.0	orflength:355	numorfs:1.0	sbjct_start:109	sbjct_end:203	expected:1.74856e-25	score:234.0	query_length:302	query_start:9	identities:52	align_length:101	positives:68	query_end:302	frame:(-1, 0)	bits:94.7449	mod_query_start:4648101	mod_query_end:4648394	perc_of_orf:0.268	
wholeIS_0.8	4760489	4761490	1002	<unknown id>	ISMsm2_orf1 	IS630	-	232.0	2.56333e-22	(3, 0)	0.895	Mycobacterium smegmatis	1.0	is_name:ISMsm2_orf1 	original_orf:361	original_aa_length:323	family:IS630	group:-	origin:Mycobacterium smegmatis	ntlength:1126.0	orflength:361	numorfs:1.0	sbjct_start:11	sbjct_end:333	expected:2.56333e-22	score:232.0	query_length:1031	query_start:30	identities:94	align_length:340	positives:145	query_end:1031	frame:(3, 0)	bits:93.9745	mod_query_start:4760488	mod_query_end:4761489	perc_of_orf:0.895	
wholeIS_0.8	3694070	3694393	324	<unknown id>	ISH22_orf1 	IS200/IS605	-	217.0	1.88651e-24	(3, 0)	0.868	Halobacterium sp.	2.0	is_name:ISH22_orf1 	original_orf:129	original_aa_length:112	family:IS200/IS605	group:-	origin:Halobacterium sp.	ntlength:1691.0	orflength:129	numorfs:2.0	sbjct_start:15	sbjct_end:126	expected:1.88651e-24	score:217.0	query_length:365	query_start:33	identities:50	align_length:112	positives:70	query_end:356	frame:(3, 0)	bits:88.1965	mod_query_start:3694069	mod_query_end:3694392	perc_of_orf:0.868	
IS	4844083	4844694	612	<unknown id>	ISFsp17_orf1 	ISKra4	ISKra4	217.0	2.71534e-21	(-1, 0)	0.443	Frankia sp.	1.0	is_name:ISFsp17_orf1 	original_orf:501	original_aa_length:222	family:ISKra4	group:ISKra4	origin:Frankia sp.	ntlength:1693.0	orflength:501	numorfs:1.0	sbjct_start:109	sbjct_end:330	expected:2.71534e-21	score:217.0	query_length:617	query_start:3	identities:74	align_length:224	positives:97	query_end:614	frame:(-1, 0)	bits:88.1965	mod_query_start:4844082	mod_query_end:4844693	perc_of_orf:0.443	
IS	4393901	4394056	156	<unknown id>	ISFsp4_orf1 	IS200/IS605	-	214.0	4.33759e-25	(-1, 0)	0.369	Frankia sp.	2.0	is_name:ISFsp4_orf1 	original_orf:141	original_aa_length:52	family:IS200/IS605	group:-	origin:Frankia sp.	ntlength:1784.0	orflength:141	numorfs:2.0	sbjct_start:64	sbjct_end:115	expected:4.33759e-25	score:214.0	query_length:158	query_start:3	identities:40	align_length:52	positives:46	query_end:158	frame:(-1, 0)	bits:87.0409	mod_query_start:4393900	mod_query_end:4394055	perc_of_orf:0.369	
ISstart	4861992	4862264	273	<unknown id>	ISMma13_orf1 	IS66	ISBst12	213.0	2.29973e-22	(-1, 0)	0.195	Methanosarcina mazei	1.0	is_name:ISMma13_orf1 	original_orf:477	original_aa_length:93	family:IS66	group:ISBst12	origin:Methanosarcina mazei	ntlength:1534.0	orflength:477	numorfs:1.0	sbjct_start:16	sbjct_end:108	expected:2.29973e-22	score:213.0	query_length:281	query_start:3	identities:41	align_length:93	positives:62	query_end:275	frame:(-1, 0)	bits:86.6557	mod_query_start:4861991	mod_query_end:4862263	perc_of_orf:0.195	
ISstart	2294757	2294906	150	<unknown id>	ISFsp4_orf2 	IS200/IS605	-	211.0	5.52673e-23	(3, 0)	0.13	Frankia sp.	2.0	is_name:ISFsp4_orf2 	original_orf:384	original_aa_length:50	family:IS200/IS605	group:-	origin:Frankia sp.	ntlength:1784.0	orflength:384	numorfs:2.0	sbjct_start:16	sbjct_end:65	expected:5.52673e-23	score:211.0	query_length:152	query_start:3	identities:41	align_length:50	positives:45	query_end:152	frame:(3, 0)	bits:85.8853	mod_query_start:2294756	mod_query_end:2294905	perc_of_orf:0.13	
IS	3806586	3806780	195	<unknown id>	ISFsp4_orf1 	IS200/IS605	-	211.0	2.89375e-24	(3, 0)	0.461	Frankia sp.	2.0	is_name:ISFsp4_orf1 	original_orf:141	original_aa_length:65	family:IS200/IS605	group:-	origin:Frankia sp.	ntlength:1784.0	orflength:141	numorfs:2.0	sbjct_start:68	sbjct_end:132	expected:2.89375e-24	score:211.0	query_length:209	query_start:15	identities:42	align_length:65	positives:49	query_end:209	frame:(3, 0)	bits:85.8853	mod_query_start:3806585	mod_query_end:3806779	perc_of_orf:0.461	
ISstart	4044481	4044627	147	<unknown id>	ISFsp17_orf1 	ISKra4	ISKra4	206.0	7.51268e-23	(-3, 0)	0.098	Frankia sp.	1.0	is_name:ISFsp17_orf1 	original_orf:501	original_aa_length:49	family:ISKra4	group:ISKra4	origin:Frankia sp.	ntlength:1693.0	orflength:501	numorfs:1.0	sbjct_start:96	sbjct_end:144	expected:7.51268e-23	score:206.0	query_length:208	query_start:3	identities:40	align_length:49	positives:41	query_end:149	frame:(-3, 0)	bits:83.9593	mod_query_start:4044480	mod_query_end:4044626	perc_of_orf:0.098	
ISstart	4860529	4860717	189	<unknown id>	ISMma13_orf1 	IS66	ISBst12	202.0	8.34569e-21	(3, 0)	0.136	Methanosarcina mazei	1.0	is_name:ISMma13_orf1 	original_orf:477	original_aa_length:65	family:IS66	group:ISBst12	origin:Methanosarcina mazei	ntlength:1534.0	orflength:477	numorfs:1.0	sbjct_start:44	sbjct_end:108	expected:8.34569e-21	score:202.0	query_length:284	query_start:84	identities:37	align_length:65	positives:48	query_end:272	frame:(3, 0)	bits:82.4185	mod_query_start:4860528	mod_query_end:4860716	perc_of_orf:0.136	
IS	4865695	4865940	246	<unknown id>	ISMex23_orf1 	IS200/IS605	IS1341	202.0	5.02854e-21	(3, 0)	0.208	Methylobacterium extorquens	1.0	is_name:ISMex23_orf1 	original_orf:409	original_aa_length:85	family:IS200/IS605	group:IS1341	origin:Methylobacterium extorquens	ntlength:1390.0	orflength:409	numorfs:1.0	sbjct_start:274	sbjct_end:358	expected:5.02854e-21	score:202.0	query_length:254	query_start:3	identities:45	align_length:86	positives:57	query_end:248	frame:(3, 0)	bits:82.4185	mod_query_start:4865694	mod_query_end:4865939	perc_of_orf:0.208	
ISend	4874360	4874560	201	<unknown id>	ISArch14_orf1 	IS66	ISBst12	190.0	4.75019e-19	(3, 0)	0.138	uncultured archaeon	1.0	is_name:ISArch14_orf1 	original_orf:487	original_aa_length:67	family:IS66	group:ISBst12	origin:uncultured archaeon	ntlength:1560.0	orflength:487	numorfs:1.0	sbjct_start:415	sbjct_end:481	expected:4.75019e-19	score:190.0	query_length:296	query_start:84	identities:35	align_length:67	positives:46	query_end:284	frame:(3, 0)	bits:77.7962	mod_query_start:4874359	mod_query_end:4874559	perc_of_orf:0.138	
wholeIS_0.8	4703925	4704314	390	<unknown id>	ISCARN102_orf1 	IS630	-	188.0	1.15748e-19	(3, 0)	0.822	Metagenomic data	3.0	is_name:ISCARN102_orf1 	original_orf:157	original_aa_length:129	family:IS630	group:-	origin:Metagenomic data	ntlength:1216.0	orflength:157	numorfs:3.0	sbjct_start:11	sbjct_end:139	expected:1.15748e-19	score:188.0	query_length:394	query_start:3	identities:47	align_length:132	positives:69	query_end:392	frame:(3, 0)	bits:77.0258	mod_query_start:4703924	mod_query_end:4704313	perc_of_orf:0.822	
ISstart	4243462	4243632	171	<unknown id>	ISStsp3_orf1 	IS1380	-	183.0	1.54131e-18	(3, 0)	0.124	Streptomyces sp.	1.0	is_name:ISStsp3_orf1 	original_orf:458	original_aa_length:57	family:IS1380	group:-	origin:Streptomyces sp.	ntlength:1925.0	orflength:458	numorfs:1.0	sbjct_start:4	sbjct_end:60	expected:1.54131e-18	score:183.0	query_length:224	query_start:54	identities:37	align_length:57	positives:39	query_end:224	frame:(3, 0)	bits:75.0998	mod_query_start:4243461	mod_query_end:4243631	perc_of_orf:0.124	
ISstart	4793578	4793766	189	<unknown id>	ISFsp8_orf3 	IS3	IS3	182.0	1.10022e-18	(-1, 0)	0.16	Frankia sp.	3.0	is_name:ISFsp8_orf3 	original_orf:393	original_aa_length:63	family:IS3	group:IS3	origin:Frankia sp.	ntlength:1297.0	orflength:393	numorfs:3.0	sbjct_start:1	sbjct_end:63	expected:1.10022e-18	score:182.0	query_length:194	query_start:6	identities:32	align_length:63	positives:49	query_end:194	frame:(-1, 0)	bits:74.7146	mod_query_start:4793577	mod_query_end:4793765	perc_of_orf:0.16	
ISend	674239	674433	195	<unknown id>	ISMsm4_orf1 	ISL3	-	180.0	5.59662e-25	(-2, 0)	0.143	Mycobacterium smegmatis	1.0	is_name:ISMsm4_orf1 	original_orf:455	original_aa_length:65	family:ISL3	group:-	origin:Mycobacterium smegmatis	ntlength:1458.0	orflength:455	numorfs:1.0	sbjct_start:366	sbjct_end:430	expected:5.59662e-25	score:180.0	query_length:501	query_start:3	identities:36	align_length:65	positives:45	query_end:197	frame:(-2, 0)	bits:73.9442	mod_query_start:674238	mod_query_end:674432	perc_of_orf:0.143	
ISend	3477516	3477686	171	<unknown id>	ISMae41_orf1 	IS200/IS605	IS1341	173.0	2.76237e-17	(3, 0)	0.144	Microcystis aeruginosa	1.0	is_name:ISMae41_orf1 	original_orf:395	original_aa_length:57	family:IS200/IS605	group:IS1341	origin:Microcystis aeruginosa	ntlength:1321.0	orflength:395	numorfs:1.0	sbjct_start:311	sbjct_end:367	expected:2.76237e-17	score:173.0	query_length:206	query_start:3	identities:33	align_length:59	positives:46	query_end:173	frame:(3, 0)	bits:71.2478	mod_query_start:3477515	mod_query_end:3477685	perc_of_orf:0.144	
ISstart	4554465	4554776	312	<unknown id>	ISAzba6_orf1 	IS630	-	172.0	1.1378e-16	(-1, 0)	0.289	Azospirillum brasilense	1.0	is_name:ISAzba6_orf1 	original_orf:356	original_aa_length:103	family:IS630	group:-	origin:Azospirillum brasilense	ntlength:1138.0	orflength:356	numorfs:1.0	sbjct_start:9	sbjct_end:111	expected:1.1378e-16	score:172.0	query_length:314	query_start:3	identities:43	align_length:105	positives:59	query_end:314	frame:(-1, 0)	bits:70.8626	mod_query_start:4554464	mod_query_end:4554775	perc_of_orf:0.289	
ISend	482379	482525	147	<unknown id>	ISTel3_orf1 	IS200/IS605	IS1341	166.0	1.10304e-16	(3, 0)	0.126	Thermosynechococcus elongatus	1.0	is_name:ISTel3_orf1 	original_orf:390	original_aa_length:49	family:IS200/IS605	group:IS1341	origin:Thermosynechococcus elongatus	ntlength:1323.0	orflength:390	numorfs:1.0	sbjct_start:288	sbjct_end:336	expected:1.10304e-16	score:166.0	query_length:155	query_start:6	identities:29	align_length:49	positives:36	query_end:152	frame:(3, 0)	bits:68.5514	mod_query_start:482378	mod_query_end:482524	perc_of_orf:0.126	
IS	4862429	4862821	393	<unknown id>	IS2404_orf1 	ISAs1	-	163.0	4.76315e-15	(3, 0)	0.404	Mycobacterium ulcerans	1.0	is_name:IS2404_orf1 	original_orf:327	original_aa_length:132	family:ISAs1	group:-	origin:Mycobacterium ulcerans	ntlength:1279.0	orflength:327	numorfs:1.0	sbjct_start:143	sbjct_end:274	expected:4.76315e-15	score:163.0	query_length:398	query_start:6	identities:50	align_length:134	positives:67	query_end:398	frame:(3, 0)	bits:67.3958	mod_query_start:4862428	mod_query_end:4862820	perc_of_orf:0.404	
ISend	4483730	4483978	249	<unknown id>	ISArch14_orf1 	IS66	ISBst12	159.0	3.64265e-15	(-1, 0)	0.17	uncultured archaeon	1.0	is_name:ISArch14_orf1 	original_orf:487	original_aa_length:83	family:IS66	group:ISBst12	origin:uncultured archaeon	ntlength:1560.0	orflength:487	numorfs:1.0	sbjct_start:395	sbjct_end:477	expected:3.64265e-15	score:159.0	query_length:251	query_start:3	identities:35	align_length:83	positives:50	query_end:251	frame:(-1, 0)	bits:65.855	mod_query_start:4483729	mod_query_end:4483977	perc_of_orf:0.17	
IS	4545935	4546102	168	<unknown id>	ISAnsp11_orf1 	IS3	IS3	158.0	4.61343e-16	(3, 0)	0.407	Anaeromyxobacter sp.	3.0	is_name:ISAnsp11_orf1 	original_orf:140	original_aa_length:57	family:IS3	group:IS3	origin:Anaeromyxobacter sp.	ntlength:1510.0	orflength:140	numorfs:3.0	sbjct_start:29	sbjct_end:85	expected:4.61343e-16	score:158.0	query_length:256	query_start:3	identities:32	align_length:57	positives:42	query_end:170	frame:(3, 0)	bits:65.4698	mod_query_start:4545934	mod_query_end:4546101	perc_of_orf:0.407	
IS	3135372	3135602	231	<unknown id>	ISH22_orf1 	IS200/IS605	-	152.0	1.02487e-14	(-1, 0)	0.589	Halobacterium sp.	2.0	is_name:ISH22_orf1 	original_orf:129	original_aa_length:76	family:IS200/IS605	group:-	origin:Halobacterium sp.	ntlength:1691.0	orflength:129	numorfs:2.0	sbjct_start:11	sbjct_end:86	expected:1.02487e-14	score:152.0	query_length:361	query_start:131	identities:30	align_length:77	positives:42	query_end:361	frame:(-1, 0)	bits:63.1586	mod_query_start:3135371	mod_query_end:3135601	perc_of_orf:0.589	
ISstart	4394216	4394335	120	<unknown id>	ISFsp4_orf2 	IS200/IS605	-	151.0	2.6492e-14	(3, 0)	0.104	Frankia sp.	2.0	is_name:ISFsp4_orf2 	original_orf:384	original_aa_length:40	family:IS200/IS605	group:-	origin:Frankia sp.	ntlength:1784.0	orflength:384	numorfs:2.0	sbjct_start:1	sbjct_end:40	expected:2.6492e-14	score:151.0	query_length:213	query_start:87	identities:29	align_length:40	positives:34	query_end:206	frame:(3, 0)	bits:62.7734	mod_query_start:4394215	mod_query_end:4394334	perc_of_orf:0.104	
ISend	4395212	4395316	105	<unknown id>	ISFsp4_orf2 	IS200/IS605	-	140.0	1.70086e-13	(2, 0)	0.091	Frankia sp.	2.0	is_name:ISFsp4_orf2 	original_orf:384	original_aa_length:35	family:IS200/IS605	group:-	origin:Frankia sp.	ntlength:1784.0	orflength:384	numorfs:2.0	sbjct_start:336	sbjct_end:370	expected:1.70086e-13	score:140.0	query_length:106	query_start:2	identities:29	align_length:35	positives:31	query_end:106	frame:(2, 0)	bits:58.5362	mod_query_start:4394852	mod_query_end:4394956	perc_of_orf:0.091	
IS	3487115	3487333	219	<unknown id>	ISMsm2_orf1 	IS630	-	137.0	3.26642e-13	(1, 0)	0.338	Mycobacterium smegmatis	1.0	is_name:ISMsm2_orf1 	original_orf:361	original_aa_length:122	family:IS630	group:-	origin:Mycobacterium smegmatis	ntlength:1126.0	orflength:361	numorfs:1.0	sbjct_start:132	sbjct_end:253	expected:3.26642e-13	score:137.0	query_length:357	query_start:139	identities:39	align_length:122	positives:45	query_end:357	frame:(1, 0)	bits:57.3806	mod_query_start:3487114	mod_query_end:3487332	perc_of_orf:0.338	
IS	674486	674737	252	<unknown id>	ISMsm4_orf1 	ISL3	-	129.0	9.03818e-11	(-1, 0)	0.182	Mycobacterium smegmatis	1.0	is_name:ISMsm4_orf1 	original_orf:455	original_aa_length:83	family:ISL3	group:-	origin:Mycobacterium smegmatis	ntlength:1458.0	orflength:455	numorfs:1.0	sbjct_start:262	sbjct_end:344	expected:9.03818e-11	score:129.0	query_length:304	query_start:53	identities:47	align_length:84	positives:53	query_end:304	frame:(-1, 0)	bits:54.299	mod_query_start:674288	mod_query_end:674539	perc_of_orf:0.182	
