name	start	end	length	id	type	isfamily	isgroup	is_score	is_expected	is_frame	is_perc_of_orf	is_origin	-5tolessthan5	5tolessthan15	15tolessthan25	25tolessthan35	35tolessthan45	45tolessthan55	55tolessthan65	65tolessthan75	75tolessthan85	85tolessthan95	95tolessthan105	105tolessthan115	completeIS_0.95	1439331	1440554	1224	<unknown id>	ISTosp1_orf1 	IS200/IS605	IS1341	1774.0	0.0	(-1, 0)	0.995	Tolypothrix sp.	1.0	0	0	0	0	0	0	0	0	0	0	1	0	is_name:ISTosp1_orf1 	original_orf:412	original_aa_length:410	family:IS200/IS605	group:IS1341	origin:Tolypothrix sp.	ntlength:1372.0	orflength:412	numorfs:1.0	sbjct_start:3	sbjct_end:412	expected:0.0	score:1774.0	query_length:1253	query_start:18	identities:367	align_length:410	positives:391	query_end:1241	frame:(-1, 0)	bits:687.952	mod_query_start:1439330	mod_query_end:1440553	perc_of_orf:0.995	
completeIS_0.95	2332843	2334006	1164	<unknown id>	ISTel3_orf1 	IS200/IS605	IS1341	1673.0	0.0	(-1, 0)	0.995	Thermosynechococcus elongatus	1.0	0	0	0	0	0	0	0	0	0	0	2	0	is_name:ISTel3_orf1 	original_orf:390	original_aa_length:388	family:IS200/IS605	group:IS1341	origin:Thermosynechococcus elongatus	ntlength:1323.0	orflength:390	numorfs:1.0	sbjct_start:1	sbjct_end:388	expected:0.0	score:1673.0	query_length:1220	query_start:48	identities:298	align_length:388	positives:350	query_end:1211	frame:(-1, 0)	bits:649.047	mod_query_start:2332842	mod_query_end:2334005	perc_of_orf:0.995	
completeIS_0.95	3545563	3546729	1167	<unknown id>	ISTel2_orf2 	IS200/IS605	-	1571.0	0.0	(-1, 0)	0.992	Thermosynechococcus elongatus	2.0	0	0	0	0	0	0	0	0	0	0	3	0	is_name:ISTel2_orf2 	original_orf:392	original_aa_length:389	family:IS200/IS605	group:-	origin:Thermosynechococcus elongatus	ntlength:1675.0	orflength:392	numorfs:2.0	sbjct_start:1	sbjct_end:389	expected:0.0	score:1571.0	query_length:2366	query_start:18	identities:291	align_length:389	positives:333	query_end:1184	frame:(-1, 0)	bits:609.757	mod_query_start:3545562	mod_query_end:3546728	perc_of_orf:0.992	
completeIS_0.95	1651274	1652467	1194	<unknown id>	ISTosp1_orf1 	IS200/IS605	IS1341	1533.0	0.0	(-1, 0)	0.971	Tolypothrix sp.	1.0	0	0	0	0	0	0	0	0	0	0	4	0	is_name:ISTosp1_orf1 	original_orf:412	original_aa_length:400	family:IS200/IS605	group:IS1341	origin:Tolypothrix sp.	ntlength:1372.0	orflength:412	numorfs:1.0	sbjct_start:3	sbjct_end:402	expected:0.0	score:1533.0	query_length:1292	query_start:99	identities:322	align_length:400	positives:363	query_end:1292	frame:(-1, 0)	bits:595.119	mod_query_start:1651273	mod_query_end:1652466	perc_of_orf:0.971	
wholeIS_0.8	3076960	3078006	1047	<unknown id>	ISNsp3_orf2 	IS200/IS605	-	1533.0	0.0	(-1, 0)	0.933	Nostoc sp.	2.0	0	0	0	0	0	0	0	0	0	1	4	0	is_name:ISNsp3_orf2 	original_orf:374	original_aa_length:349	family:IS200/IS605	group:-	origin:Nostoc sp.	ntlength:1680.0	orflength:374	numorfs:2.0	sbjct_start:1	sbjct_end:349	expected:0.0	score:1533.0	query_length:1151	query_start:105	identities:290	align_length:349	positives:327	query_end:1151	frame:(-1, 0)	bits:595.119	mod_query_start:3076959	mod_query_end:3078005	perc_of_orf:0.933	
IS	4396638	4397513	876	<unknown id>	ISNsp2_orf2 	IS200/IS605	-	1299.0	0.0	(3, 0)	0.781	Nostoc sp.	2.0	0	0	0	0	0	0	0	0	1	1	4	0	is_name:ISNsp2_orf2 	original_orf:374	original_aa_length:292	family:IS200/IS605	group:-	origin:Nostoc sp.	ntlength:1718.0	orflength:374	numorfs:2.0	sbjct_start:1	sbjct_end:292	expected:0.0	score:1299.0	query_length:932	query_start:27	identities:247	align_length:292	positives:268	query_end:902	frame:(3, 0)	bits:504.982	mod_query_start:4396637	mod_query_end:4397512	perc_of_orf:0.781	
completeIS_0.95	3098790	3100004	1215	<unknown id>	ISCysp13_orf2 	IS200/IS605	-	1297.0	4.35037e-177	(1, 0)	0.952	Cyanothece sp.	2.0	0	0	0	0	0	0	0	0	1	1	5	0	is_name:ISCysp13_orf2 	original_orf:420	original_aa_length:400	family:IS200/IS605	group:-	origin:Cyanothece sp.	ntlength:1836.0	orflength:420	numorfs:2.0	sbjct_start:1	sbjct_end:400	expected:4.35037e-177	score:1297.0	query_length:1692	query_start:442	identities:248	align_length:406	positives:316	query_end:1656	frame:(1, 0)	bits:504.212	mod_query_start:3098789	mod_query_end:3100003	perc_of_orf:0.952	
completeIS_0.95	439622	440842	1221	<unknown id>	ISTosp1_orf1 	IS200/IS605	IS1341	1292.0	7.85312e-179	(-1, 0)	0.995	Tolypothrix sp.	1.0	0	0	0	0	0	0	0	0	1	1	6	0	is_name:ISTosp1_orf1 	original_orf:412	original_aa_length:410	family:IS200/IS605	group:IS1341	origin:Tolypothrix sp.	ntlength:1372.0	orflength:412	numorfs:1.0	sbjct_start:1	sbjct_end:410	expected:7.85312e-179	score:1292.0	query_length:1241	query_start:21	identities:261	align_length:414	positives:320	query_end:1241	frame:(-1, 0)	bits:502.286	mod_query_start:439621	mod_query_end:440841	perc_of_orf:0.995	
wholeIS_0.8	155723	156871	1149	<unknown id>	ISTosp1_orf1 	IS200/IS605	IS1341	1248.0	6.27622e-172	(3, 0)	0.939	Tolypothrix sp.	1.0	0	0	0	0	0	0	0	0	1	2	6	0	is_name:ISTosp1_orf1 	original_orf:412	original_aa_length:387	family:IS200/IS605	group:IS1341	origin:Tolypothrix sp.	ntlength:1372.0	orflength:412	numorfs:1.0	sbjct_start:3	sbjct_end:389	expected:6.27622e-172	score:1248.0	query_length:1274	query_start:9	identities:245	align_length:390	positives:308	query_end:1157	frame:(3, 0)	bits:485.337	mod_query_start:155722	mod_query_end:156870	perc_of_orf:0.939	
completeIS_0.95	3865458	3866696	1239	<unknown id>	ISSoc6_orf2 	IS200/IS605	-	1230.0	2.60347e-169	(-1, 0)	0.995	Synechococcus sp.	2.0	0	0	0	0	0	0	0	0	1	2	7	0	is_name:ISSoc6_orf2 	original_orf:416	original_aa_length:414	family:IS200/IS605	group:-	origin:Synechococcus sp.	ntlength:1806.0	orflength:416	numorfs:2.0	sbjct_start:3	sbjct_end:416	expected:2.60347e-169	score:1230.0	query_length:1253	query_start:3	identities:233	align_length:415	positives:311	query_end:1241	frame:(-1, 0)	bits:478.404	mod_query_start:3865457	mod_query_end:3866695	perc_of_orf:0.995	
completeIS_0.95	5976590	5977867	1278	<unknown id>	ISDge19_orf1 	IS200/IS605	IS1341	1223.0	1.40832e-167	(3, 0)	0.984	Deinococcus geothermalis	1.0	0	0	0	0	0	0	0	0	1	2	8	0	is_name:ISDge19_orf1 	original_orf:450	original_aa_length:443	family:IS200/IS605	group:IS1341	origin:Deinococcus geothermalis	ntlength:1471.0	orflength:450	numorfs:1.0	sbjct_start:5	sbjct_end:447	expected:1.40832e-167	score:1223.0	query_length:1280	query_start:3	identities:251	align_length:443	positives:313	query_end:1280	frame:(3, 0)	bits:475.707	mod_query_start:5976589	mod_query_end:5977866	perc_of_orf:0.984	
wholeIS_0.8	2738114	2739394	1281	<unknown id>	ISMae9_orf1 	IS1380	-	1204.0	5.80789e-164	(-1, 0)	0.862	Microcystis aeruginosa	1.0	0	0	0	0	0	0	0	0	1	3	8	0	is_name:ISMae9_orf1 	original_orf:494	original_aa_length:426	family:IS1380	group:-	origin:Microcystis aeruginosa	ntlength:1988.0	orflength:494	numorfs:1.0	sbjct_start:1	sbjct_end:426	expected:5.80789e-164	score:1204.0	query_length:1289	query_start:9	identities:237	align_length:429	positives:308	query_end:1289	frame:(-1, 0)	bits:468.389	mod_query_start:2738113	mod_query_end:2739393	perc_of_orf:0.862	
wholeIS_0.8	1799657	1800694	1038	<unknown id>	IS891_orf1 	IS200/IS605	IS1341	1158.0	3.37491e-159	(1, 0)	0.86	Anabaena sp	1.0	0	0	0	0	0	0	0	0	1	4	8	0	is_name:IS891_orf1 	original_orf:401	original_aa_length:345	family:IS200/IS605	group:IS1341	origin:Anabaena sp	ntlength:1352.0	orflength:401	numorfs:1.0	sbjct_start:54	sbjct_end:398	expected:3.37491e-159	score:1158.0	query_length:1131	query_start:76	identities:246	align_length:346	positives:263	query_end:1113	frame:(1, 0)	bits:450.669	mod_query_start:1799656	mod_query_end:1800693	perc_of_orf:0.86	
completeIS_0.95	7015254	7016546	1293	<unknown id>	ISCysp13_orf2 	IS200/IS605	-	1064.0	9.64617e-144	(3, 0)	0.988	Cyanothece sp.	2.0	0	0	0	0	0	0	0	0	1	4	9	0	is_name:ISCysp13_orf2 	original_orf:420	original_aa_length:415	family:IS200/IS605	group:-	origin:Cyanothece sp.	ntlength:1836.0	orflength:420	numorfs:2.0	sbjct_start:2	sbjct_end:416	expected:9.64617e-144	score:1064.0	query_length:1295	query_start:3	identities:233	align_length:437	positives:291	query_end:1295	frame:(3, 0)	bits:414.461	mod_query_start:7015253	mod_query_end:7016545	perc_of_orf:0.988	
completeIS_0.95	3729295	3730563	1269	<unknown id>	ISSoc6_orf2 	IS200/IS605	-	923.0	1.65267e-122	(-1, 0)	0.983	Synechococcus sp.	2.0	0	0	0	0	0	0	0	0	1	4	10	0	is_name:ISSoc6_orf2 	original_orf:416	original_aa_length:409	family:IS200/IS605	group:-	origin:Synechococcus sp.	ntlength:1806.0	orflength:416	numorfs:2.0	sbjct_start:6	sbjct_end:414	expected:1.65267e-122	score:923.0	query_length:1313	query_start:45	identities:193	align_length:425	positives:276	query_end:1313	frame:(-1, 0)	bits:360.147	mod_query_start:3729294	mod_query_end:3730562	perc_of_orf:0.983	
completeIS_0.95	7294155	7295429	1275	<unknown id>	ISArma1_orf2 	IS607	-	909.0	1.54426e-118	(-2, 0)	0.962	Arthrospira maxima	2.0	0	0	0	0	0	0	0	0	1	4	11	0	is_name:ISArma1_orf2 	original_orf:420	original_aa_length:404	family:IS607	group:-	origin:Arthrospira maxima	ntlength:1766.0	orflength:420	numorfs:2.0	sbjct_start:8	sbjct_end:411	expected:1.54426e-118	score:909.0	query_length:1683	query_start:72	identities:188	align_length:428	positives:257	query_end:1346	frame:(-2, 0)	bits:354.755	mod_query_start:7294154	mod_query_end:7295428	perc_of_orf:0.962	
wholeIS_0.8	3686343	3687455	1113	<unknown id>	ISSs1_orf1 	IS200/IS605	IS1341	899.0	4.49608e-119	(-1, 0)	0.888	Synechococcus sp.	1.0	0	0	0	0	0	0	0	0	1	5	11	0	is_name:ISSs1_orf1 	original_orf:429	original_aa_length:381	family:IS200/IS605	group:IS1341	origin:Synechococcus sp.	ntlength:1481.0	orflength:429	numorfs:1.0	sbjct_start:2	sbjct_end:382	expected:4.49608e-119	score:899.0	query_length:1214	query_start:84	identities:188	align_length:384	positives:245	query_end:1196	frame:(-1, 0)	bits:350.903	mod_query_start:3686342	mod_query_end:3687454	perc_of_orf:0.888	
wholeIS_0.8	983507	984622	1116	<unknown id>	ISSs1_orf1 	IS200/IS605	IS1341	893.0	3.29949e-118	(3, 0)	0.89	Synechococcus sp.	1.0	0	0	0	0	0	0	0	0	1	6	11	0	is_name:ISSs1_orf1 	original_orf:429	original_aa_length:382	family:IS200/IS605	group:IS1341	origin:Synechococcus sp.	ntlength:1481.0	orflength:429	numorfs:1.0	sbjct_start:1	sbjct_end:382	expected:3.29949e-118	score:893.0	query_length:1208	query_start:15	identities:186	align_length:385	positives:245	query_end:1130	frame:(3, 0)	bits:348.591	mod_query_start:983506	mod_query_end:984621	perc_of_orf:0.89	
completeIS_0.95	7513883	7515073	1191	<unknown id>	ISTosp1_orf1 	IS200/IS605	IS1341	892.0	2.19513e-118	(-1, 0)	0.993	Tolypothrix sp.	1.0	0	0	0	0	0	0	0	0	1	6	12	0	is_name:ISTosp1_orf1 	original_orf:412	original_aa_length:409	family:IS200/IS605	group:IS1341	origin:Tolypothrix sp.	ntlength:1372.0	orflength:412	numorfs:1.0	sbjct_start:3	sbjct_end:411	expected:2.19513e-118	score:892.0	query_length:1217	query_start:24	identities:202	align_length:409	positives:267	query_end:1214	frame:(-1, 0)	bits:348.206	mod_query_start:7513882	mod_query_end:7515072	perc_of_orf:0.993	
completeIS_0.95	4269684	4270955	1272	<unknown id>	ISSoc6_orf2 	IS200/IS605	-	885.0	7.04058e-117	(3, 0)	0.983	Synechococcus sp.	2.0	0	0	0	0	0	0	0	0	1	6	13	0	is_name:ISSoc6_orf2 	original_orf:416	original_aa_length:409	family:IS200/IS605	group:-	origin:Synechococcus sp.	ntlength:1806.0	orflength:416	numorfs:2.0	sbjct_start:6	sbjct_end:414	expected:7.04058e-117	score:885.0	query_length:1277	query_start:6	identities:187	align_length:425	positives:267	query_end:1277	frame:(3, 0)	bits:345.51	mod_query_start:4269683	mod_query_end:4270954	perc_of_orf:0.983	
IS	1643519	1644271	753	<unknown id>	ISPlag1_orf1 	IS701	-	846.0	1.62574e-114	(3, 0)	0.745	Planktothrix agardhii	1.0	0	0	0	0	0	0	0	1	1	6	13	0	is_name:ISPlag1_orf1 	original_orf:337	original_aa_length:251	family:IS701	group:-	origin:Planktothrix agardhii	ntlength:1306.0	orflength:337	numorfs:1.0	sbjct_start:39	sbjct_end:289	expected:1.62574e-114	score:846.0	query_length:830	query_start:39	identities:156	align_length:251	positives:189	query_end:791	frame:(3, 0)	bits:330.487	mod_query_start:1643518	mod_query_end:1644270	perc_of_orf:0.745	
completeIS_0.95	3923993	3925333	1341	<unknown id>	ISCysp13_orf2 	IS200/IS605	-	828.0	6.28694e-108	(-1, 0)	0.962	Cyanothece sp.	2.0	0	0	0	0	0	0	0	1	1	6	14	0	is_name:ISCysp13_orf2 	original_orf:420	original_aa_length:404	family:IS200/IS605	group:-	origin:Cyanothece sp.	ntlength:1836.0	orflength:420	numorfs:2.0	sbjct_start:1	sbjct_end:404	expected:6.28694e-108	score:828.0	query_length:1352	query_start:9	identities:196	align_length:448	positives:262	query_end:1349	frame:(-1, 0)	bits:323.553	mod_query_start:3923992	mod_query_end:3925332	perc_of_orf:0.962	
completeIS_0.95	442009	442791	783	<unknown id>	ISAcma9_orf1 	IS5	IS1031	822.0	9.46845e-112	(-1, 0)	0.977	Acaryochloris marina	1.0	0	0	0	0	0	0	0	1	1	6	15	0	is_name:ISAcma9_orf1 	original_orf:266	original_aa_length:260	family:IS5	group:IS1031	origin:Acaryochloris marina	ntlength:896.0	orflength:266	numorfs:1.0	sbjct_start:1	sbjct_end:260	expected:9.46845e-112	score:822.0	query_length:845	query_start:27	identities:154	align_length:261	positives:194	query_end:809	frame:(-1, 0)	bits:321.242	mod_query_start:442008	mod_query_end:442790	perc_of_orf:0.977	
completeIS_0.95	3437697	3438932	1236	<unknown id>	ISSs1_orf1 	IS200/IS605	IS1341	815.0	3.5051e-106	(3, 0)	0.998	Synechococcus sp.	1.0	0	0	0	0	0	0	0	1	1	6	16	0	is_name:ISSs1_orf1 	original_orf:429	original_aa_length:428	family:IS200/IS605	group:IS1341	origin:Synechococcus sp.	ntlength:1481.0	orflength:429	numorfs:1.0	sbjct_start:1	sbjct_end:428	expected:3.5051e-106	score:815.0	query_length:1283	query_start:18	identities:188	align_length:432	positives:269	query_end:1253	frame:(3, 0)	bits:318.546	mod_query_start:3437696	mod_query_end:3438931	perc_of_orf:0.998	
wholeIS_0.8	6326754	6327842	1089	<unknown id>	ISSs1_orf1 	IS200/IS605	IS1341	797.0	6.28789e-104	(3, 0)	0.865	Synechococcus sp.	1.0	0	0	0	0	0	0	0	1	1	7	16	0	is_name:ISSs1_orf1 	original_orf:429	original_aa_length:371	family:IS200/IS605	group:IS1341	origin:Synechococcus sp.	ntlength:1481.0	orflength:429	numorfs:1.0	sbjct_start:12	sbjct_end:382	expected:6.28789e-104	score:797.0	query_length:1184	query_start:3	identities:174	align_length:378	positives:229	query_end:1091	frame:(3, 0)	bits:311.612	mod_query_start:6326753	mod_query_end:6327841	perc_of_orf:0.865	
wholeIS_0.8	5596023	5597138	1116	<unknown id>	ISSs1_orf1 	IS200/IS605	IS1341	795.0	5.09128e-103	(-1, 0)	0.893	Synechococcus sp.	1.0	0	0	0	0	0	0	0	1	1	8	16	0	is_name:ISSs1_orf1 	original_orf:429	original_aa_length:383	family:IS200/IS605	group:IS1341	origin:Synechococcus sp.	ntlength:1481.0	orflength:429	numorfs:1.0	sbjct_start:1	sbjct_end:383	expected:5.09128e-103	score:795.0	query_length:1298	query_start:183	identities:172	align_length:391	positives:237	query_end:1298	frame:(-1, 0)	bits:310.842	mod_query_start:5596022	mod_query_end:5597137	perc_of_orf:0.893	
wholeIS_0.8	1487941	1489107	1167	<unknown id>	ISSs1_orf1 	IS200/IS605	IS1341	785.0	4.32115e-102	(3, 0)	0.93	Synechococcus sp.	1.0	0	0	0	0	0	0	0	1	1	9	16	0	is_name:ISSs1_orf1 	original_orf:429	original_aa_length:399	family:IS200/IS605	group:IS1341	origin:Synechococcus sp.	ntlength:1481.0	orflength:429	numorfs:1.0	sbjct_start:2	sbjct_end:400	expected:4.32115e-102	score:785.0	query_length:1205	query_start:3	identities:181	align_length:406	positives:253	query_end:1169	frame:(3, 0)	bits:306.99	mod_query_start:1487940	mod_query_end:1489106	perc_of_orf:0.93	
wholeIS_0.8	2898199	2899278	1080	<unknown id>	ISCARN56_orf2 	IS607	-	758.0	2.82812e-98	(3, 0)	0.943	Metagenomic data	2.0	0	0	0	0	0	0	0	1	1	10	16	0	is_name:ISCARN56_orf2 	original_orf:400	original_aa_length:377	family:IS607	group:-	origin:Metagenomic data	ntlength:1894.0	orflength:400	numorfs:2.0	sbjct_start:1	sbjct_end:377	expected:2.82812e-98	score:758.0	query_length:1211	query_start:18	identities:166	align_length:380	positives:226	query_end:1097	frame:(3, 0)	bits:296.59	mod_query_start:2898198	mod_query_end:2899277	perc_of_orf:0.943	
wholeIS_0.8	5819526	5820605	1080	<unknown id>	ISCARN56_orf2 	IS607	-	748.0	1.48871e-96	(-1, 0)	0.943	Metagenomic data	2.0	0	0	0	0	0	0	0	1	1	11	16	0	is_name:ISCARN56_orf2 	original_orf:400	original_aa_length:377	family:IS607	group:-	origin:Metagenomic data	ntlength:1894.0	orflength:400	numorfs:2.0	sbjct_start:1	sbjct_end:377	expected:1.48871e-96	score:748.0	query_length:1256	query_start:159	identities:166	align_length:380	positives:226	query_end:1238	frame:(-1, 0)	bits:292.738	mod_query_start:5819525	mod_query_end:5820604	perc_of_orf:0.943	
wholeIS_0.8	4706362	4707411	1050	<unknown id>	ISMma19_orf2 	IS200/IS605	-	740.0	1.64057e-95	(-1, 0)	0.923	Methanosarcina mazei	2.0	0	0	0	0	0	0	0	1	1	12	16	0	is_name:ISMma19_orf2 	original_orf:379	original_aa_length:350	family:IS200/IS605	group:-	origin:Methanosarcina mazei	ntlength:1708.0	orflength:379	numorfs:2.0	sbjct_start:18	sbjct_end:367	expected:1.64057e-95	score:740.0	query_length:1286	query_start:237	identities:166	align_length:356	positives:228	query_end:1286	frame:(-1, 0)	bits:289.656	mod_query_start:4706361	mod_query_end:4707410	perc_of_orf:0.923	
wholeIS_0.8	865286	866428	1143	<unknown id>	ISSs1_orf1 	IS200/IS605	IS1341	731.0	3.08407e-93	(-1, 0)	0.867	Synechococcus sp.	1.0	0	0	0	0	0	0	0	1	1	13	16	0	is_name:ISSs1_orf1 	original_orf:429	original_aa_length:372	family:IS200/IS605	group:IS1341	origin:Synechococcus sp.	ntlength:1481.0	orflength:429	numorfs:1.0	sbjct_start:12	sbjct_end:383	expected:3.08407e-93	score:731.0	query_length:1337	query_start:186	identities:172	align_length:395	positives:240	query_end:1328	frame:(-1, 0)	bits:286.189	mod_query_start:865285	mod_query_end:866427	perc_of_orf:0.867	
completeIS_0.95	4065814	4066896	1083	<unknown id>	ISMma19_orf2 	IS200/IS605	-	701.0	1.75231e-89	(-1, 0)	0.953	Methanosarcina mazei	2.0	0	0	0	0	0	0	0	1	1	13	17	0	is_name:ISMma19_orf2 	original_orf:379	original_aa_length:361	family:IS200/IS605	group:-	origin:Methanosarcina mazei	ntlength:1708.0	orflength:379	numorfs:2.0	sbjct_start:7	sbjct_end:367	expected:1.75231e-89	score:701.0	query_length:1322	query_start:141	identities:167	align_length:367	positives:234	query_end:1223	frame:(-1, 0)	bits:274.633	mod_query_start:4065813	mod_query_end:4066895	perc_of_orf:0.953	
completeIS_0.95	6439686	6440762	1077	<unknown id>	IS1253A_orf2 	IS200/IS605	-	699.0	8.17484e-90	(-1, 0)	0.976	Dichelobacter nodosus	2.0	0	0	0	0	0	0	0	1	1	13	18	0	is_name:IS1253A_orf2 	original_orf:375	original_aa_length:366	family:IS200/IS605	group:-	origin:Dichelobacter nodosus	ntlength:1689.0	orflength:375	numorfs:2.0	sbjct_start:1	sbjct_end:366	expected:8.17484e-90	score:699.0	query_length:1220	query_start:129	identities:152	align_length:369	positives:217	query_end:1205	frame:(-1, 0)	bits:273.863	mod_query_start:6439685	mod_query_end:6440761	perc_of_orf:0.976	
IS	1620101	1621108	1008	<unknown id>	ISCysp13_orf2 	IS200/IS605	-	698.0	2.02616e-102	(1, 0)	0.755	Cyanothece sp.	2.0	0	0	0	0	0	0	0	1	2	13	18	0	is_name:ISCysp13_orf2 	original_orf:420	original_aa_length:317	family:IS200/IS605	group:-	origin:Cyanothece sp.	ntlength:1836.0	orflength:420	numorfs:2.0	sbjct_start:88	sbjct_end:404	expected:2.02616e-102	score:698.0	query_length:1296	query_start:262	identities:167	align_length:337	positives:219	query_end:1269	frame:(1, 0)	bits:273.478	mod_query_start:1620100	mod_query_end:1621107	perc_of_orf:0.755	
completeIS_0.95	691680	692816	1137	<unknown id>	ISCARN56_orf2 	IS607	-	696.0	6.6867e-89	(3, 0)	0.97	Metagenomic data	2.0	0	0	0	0	0	0	0	1	2	13	19	0	is_name:ISCARN56_orf2 	original_orf:400	original_aa_length:388	family:IS607	group:-	origin:Metagenomic data	ntlength:1894.0	orflength:400	numorfs:2.0	sbjct_start:1	sbjct_end:388	expected:6.6867e-89	score:696.0	query_length:1220	query_start:36	identities:165	align_length:399	positives:225	query_end:1172	frame:(3, 0)	bits:272.707	mod_query_start:691679	mod_query_end:692815	perc_of_orf:0.97	
IS	1558190	1558843	654	<unknown id>	ISPlag1_orf1 	IS701	-	689.0	2.93096e-90	(-1, 0)	0.65	Planktothrix agardhii	1.0	0	0	0	0	0	0	0	2	2	13	19	0	is_name:ISPlag1_orf1 	original_orf:337	original_aa_length:219	family:IS701	group:-	origin:Planktothrix agardhii	ntlength:1306.0	orflength:337	numorfs:1.0	sbjct_start:39	sbjct_end:257	expected:2.93096e-90	score:689.0	query_length:915	query_start:226	identities:129	align_length:219	positives:164	query_end:879	frame:(-1, 0)	bits:270.011	mod_query_start:1558189	mod_query_end:1558842	perc_of_orf:0.65	
wholeIS_0.8	7085013	7086050	1038	<unknown id>	ISCARN56_orf2 	IS607	-	686.0	2.72146e-88	(-1, 0)	0.907	Metagenomic data	2.0	0	0	0	0	0	0	0	2	2	14	19	0	is_name:ISCARN56_orf2 	original_orf:400	original_aa_length:363	family:IS607	group:-	origin:Metagenomic data	ntlength:1894.0	orflength:400	numorfs:2.0	sbjct_start:1	sbjct_end:363	expected:2.72146e-88	score:686.0	query_length:1043	query_start:3	identities:154	align_length:366	positives:213	query_end:1040	frame:(-1, 0)	bits:268.855	mod_query_start:7085012	mod_query_end:7086049	perc_of_orf:0.907	
wholeIS_0.8	6202130	6203167	1038	<unknown id>	ISCARN56_orf2 	IS607	-	669.0	1.13708e-85	(-1, 0)	0.907	Metagenomic data	2.0	0	0	0	0	0	0	0	2	2	15	19	0	is_name:ISCARN56_orf2 	original_orf:400	original_aa_length:363	family:IS607	group:-	origin:Metagenomic data	ntlength:1894.0	orflength:400	numorfs:2.0	sbjct_start:1	sbjct_end:363	expected:1.13708e-85	score:669.0	query_length:1058	query_start:3	identities:156	align_length:367	positives:209	query_end:1040	frame:(-1, 0)	bits:262.307	mod_query_start:6202129	mod_query_end:6203166	perc_of_orf:0.907	
completeIS_0.95	5958109	5959224	1116	<unknown id>	ISCARN56_orf2 	IS607	-	665.0	1.45504e-84	(-1, 0)	0.97	Metagenomic data	2.0	0	0	0	0	0	0	0	2	2	15	20	0	is_name:ISCARN56_orf2 	original_orf:400	original_aa_length:388	family:IS607	group:-	origin:Metagenomic data	ntlength:1894.0	orflength:400	numorfs:2.0	sbjct_start:1	sbjct_end:388	expected:1.45504e-84	score:665.0	query_length:1166	query_start:45	identities:171	align_length:401	positives:221	query_end:1160	frame:(-1, 0)	bits:260.766	mod_query_start:5958108	mod_query_end:5959223	perc_of_orf:0.97	
wholeIS_0.8	1549673	1550617	945	<unknown id>	ISCARN56_orf2 	IS607	-	643.0	7.32709e-82	(3, 0)	0.843	Metagenomic data	2.0	0	0	0	0	0	0	0	2	3	15	20	0	is_name:ISCARN56_orf2 	original_orf:400	original_aa_length:337	family:IS607	group:-	origin:Metagenomic data	ntlength:1894.0	orflength:400	numorfs:2.0	sbjct_start:47	sbjct_end:383	expected:7.32709e-82	score:643.0	query_length:1049	query_start:45	identities:147	align_length:339	positives:196	query_end:989	frame:(3, 0)	bits:252.292	mod_query_start:1549672	mod_query_end:1550616	perc_of_orf:0.843	
completeIS_0.95	3174376	3175482	1107	<unknown id>	ISMma19_orf2 	IS200/IS605	-	618.0	1.43409e-77	(-1, 0)	0.963	Methanosarcina mazei	2.0	0	0	0	0	0	0	0	2	3	15	21	0	is_name:ISMma19_orf2 	original_orf:379	original_aa_length:365	family:IS200/IS605	group:-	origin:Methanosarcina mazei	ntlength:1708.0	orflength:379	numorfs:2.0	sbjct_start:7	sbjct_end:371	expected:1.43409e-77	score:618.0	query_length:1205	query_start:99	identities:156	align_length:386	positives:217	query_end:1205	frame:(-1, 0)	bits:242.662	mod_query_start:3174375	mod_query_end:3175481	perc_of_orf:0.963	
IS	6977621	6978634	1014	<unknown id>	ISBth14_orf1 	IS200/IS605	IS1341	616.0	7.62564e-76	(-1, 0)	0.722	Bacillus thuringiensis	1.0	0	0	0	0	0	0	0	3	3	15	21	0	is_name:ISBth14_orf1 	original_orf:489	original_aa_length:353	family:IS200/IS605	group:IS1341	origin:Bacillus thuringiensis	ntlength:1664.0	orflength:489	numorfs:1.0	sbjct_start:118	sbjct_end:470	expected:7.62564e-76	score:616.0	query_length:1238	query_start:75	identities:148	align_length:360	positives:216	query_end:1088	frame:(-1, 0)	bits:241.891	mod_query_start:6977620	mod_query_end:6978633	perc_of_orf:0.722	
IS	3568776	3569534	759	<unknown id>	ISCysp13_orf2 	IS200/IS605	-	615.0	2.73834e-78	(-1, 0)	0.579	Cyanothece sp.	2.0	0	0	0	0	0	0	1	3	3	15	21	0	is_name:ISCysp13_orf2 	original_orf:420	original_aa_length:243	family:IS200/IS605	group:-	origin:Cyanothece sp.	ntlength:1836.0	orflength:420	numorfs:2.0	sbjct_start:1	sbjct_end:243	expected:2.73834e-78	score:615.0	query_length:851	query_start:93	identities:120	align_length:253	positives:164	query_end:851	frame:(-1, 0)	bits:241.506	mod_query_start:3568775	mod_query_end:3569533	perc_of_orf:0.579	
completeIS_0.95	7529607	7530704	1098	<unknown id>	ISMma19_orf2 	IS200/IS605	-	609.0	4.98243e-76	(-1, 0)	0.955	Methanosarcina mazei	2.0	0	0	0	0	0	0	1	3	3	15	22	0	is_name:ISMma19_orf2 	original_orf:379	original_aa_length:362	family:IS200/IS605	group:-	origin:Methanosarcina mazei	ntlength:1708.0	orflength:379	numorfs:2.0	sbjct_start:10	sbjct_end:371	expected:4.98243e-76	score:609.0	query_length:1274	query_start:171	identities:156	align_length:377	positives:218	query_end:1268	frame:(-1, 0)	bits:239.195	mod_query_start:7529606	mod_query_end:7530703	perc_of_orf:0.955	
wholeIS_0.8	947811	948884	1074	<unknown id>	ISCARN56_orf2 	IS607	-	603.0	3.78443e-75	(3, 0)	0.927	Metagenomic data	2.0	0	0	0	0	0	0	1	3	3	16	22	0	is_name:ISCARN56_orf2 	original_orf:400	original_aa_length:371	family:IS607	group:-	origin:Metagenomic data	ntlength:1894.0	orflength:400	numorfs:2.0	sbjct_start:1	sbjct_end:371	expected:3.78443e-75	score:603.0	query_length:1187	query_start:3	identities:155	align_length:381	positives:209	query_end:1076	frame:(3, 0)	bits:236.884	mod_query_start:947810	mod_query_end:948883	perc_of_orf:0.927	
wholeIS_0.8	3218087	3219109	1023	<unknown id>	ISCARN56_orf2 	IS607	-	598.0	5.91446e-75	(-1, 0)	0.9	Metagenomic data	2.0	0	0	0	0	0	0	1	3	3	17	22	0	is_name:ISCARN56_orf2 	original_orf:400	original_aa_length:360	family:IS607	group:-	origin:Metagenomic data	ntlength:1894.0	orflength:400	numorfs:2.0	sbjct_start:15	sbjct_end:374	expected:5.91446e-75	score:598.0	query_length:1067	query_start:45	identities:149	align_length:364	positives:203	query_end:1067	frame:(-1, 0)	bits:234.958	mod_query_start:3218086	mod_query_end:3219108	perc_of_orf:0.9	
wholeIS_0.8	2065209	2066477	1269	<unknown id>	ISSoc6_orf2 	IS200/IS605	-	596.0	2.1299e-73	(3, 0)	0.942	Synechococcus sp.	2.0	0	0	0	0	0	0	1	3	3	18	22	0	is_name:ISSoc6_orf2 	original_orf:416	original_aa_length:392	family:IS200/IS605	group:-	origin:Synechococcus sp.	ntlength:1806.0	orflength:416	numorfs:2.0	sbjct_start:23	sbjct_end:414	expected:2.1299e-73	score:596.0	query_length:1310	query_start:42	identities:156	align_length:428	positives:244	query_end:1310	frame:(3, 0)	bits:234.187	mod_query_start:2065208	mod_query_end:2066476	perc_of_orf:0.942	
completeIS_0.95	4803574	4804716	1143	<unknown id>	ISMma19_orf2 	IS200/IS605	-	595.0	5.22139e-74	(3, 0)	0.955	Methanosarcina mazei	2.0	0	0	0	0	0	0	1	3	3	18	23	0	is_name:ISMma19_orf2 	original_orf:379	original_aa_length:362	family:IS200/IS605	group:-	origin:Methanosarcina mazei	ntlength:1708.0	orflength:379	numorfs:2.0	sbjct_start:10	sbjct_end:371	expected:5.22139e-74	score:595.0	query_length:1250	query_start:9	identities:155	align_length:386	positives:213	query_end:1151	frame:(3, 0)	bits:233.802	mod_query_start:4803573	mod_query_end:4804715	perc_of_orf:0.955	
ISstart	664722	665192	471	<unknown id>	ISAtsp4_orf1 	IS630	-	580.0	3.1037e-76	(-1, 0)	0.467	Arthrospira sp.	1.0	0	0	0	0	0	1	1	3	3	18	23	0	is_name:ISAtsp4_orf1 	original_orf:336	original_aa_length:157	family:IS630	group:-	origin:Arthrospira sp.	ntlength:1138.0	orflength:336	numorfs:1.0	sbjct_start:1	sbjct_end:157	expected:3.1037e-76	score:580.0	query_length:473	query_start:3	identities:109	align_length:157	positives:128	query_end:473	frame:(-1, 0)	bits:228.024	mod_query_start:664721	mod_query_end:665191	perc_of_orf:0.467	
completeIS_0.95	1728913	1729299	387	<unknown id>	ISTel2_orf1 	IS200/IS605	-	564.0	1.22562e-76	(3, 0)	0.977	Thermosynechococcus elongatus	2.0	0	0	0	0	0	1	1	3	3	18	24	0	is_name:ISTel2_orf1 	original_orf:132	original_aa_length:129	family:IS200/IS605	group:-	origin:Thermosynechococcus elongatus	ntlength:1675.0	orflength:132	numorfs:2.0	sbjct_start:2	sbjct_end:130	expected:1.22562e-76	score:564.0	query_length:464	query_start:3	identities:104	align_length:129	positives:119	query_end:389	frame:(3, 0)	bits:221.861	mod_query_start:1728912	mod_query_end:1729298	perc_of_orf:0.977	
IS	4214629	4215456	828	<unknown id>	ISTosp1_orf1 	IS200/IS605	IS1341	556.0	1.31489e-69	(-1, 0)	0.689	Tolypothrix sp.	1.0	0	0	0	0	0	1	1	4	3	18	24	0	is_name:ISTosp1_orf1 	original_orf:412	original_aa_length:284	family:IS200/IS605	group:IS1341	origin:Tolypothrix sp.	ntlength:1372.0	orflength:412	numorfs:1.0	sbjct_start:1	sbjct_end:284	expected:1.31489e-69	score:556.0	query_length:857	query_start:21	identities:146	align_length:285	positives:202	query_end:848	frame:(-1, 0)	bits:218.779	mod_query_start:4214628	mod_query_end:4215455	perc_of_orf:0.689	
IS	5338303	5339004	702	<unknown id>	ISCARN56_orf2 	IS607	-	552.0	6.75533e-69	(-1, 0)	0.588	Metagenomic data	2.0	0	0	0	0	0	1	2	4	3	18	24	0	is_name:ISCARN56_orf2 	original_orf:400	original_aa_length:235	family:IS607	group:-	origin:Metagenomic data	ntlength:1894.0	orflength:400	numorfs:2.0	sbjct_start:138	sbjct_end:372	expected:6.75533e-69	score:552.0	query_length:896	query_start:102	identities:121	align_length:236	positives:152	query_end:803	frame:(-1, 0)	bits:217.238	mod_query_start:5338302	mod_query_end:5339003	perc_of_orf:0.588	
completeIS_0.95	2125712	2127091	1380	<unknown id>	ISAzba1_orf1 	ISKra4	ISAzba1	551.0	5.46328e-66	(3, 0)	0.978	Azospirillum brasilense	1.0	0	0	0	0	0	1	2	4	3	18	25	0	is_name:ISAzba1_orf1 	original_orf:457	original_aa_length:447	family:ISKra4	group:ISAzba1	origin:Azospirillum brasilense	ntlength:1465.0	orflength:457	numorfs:1.0	sbjct_start:1	sbjct_end:447	expected:5.46328e-66	score:551.0	query_length:1385	query_start:6	identities:138	align_length:467	positives:220	query_end:1385	frame:(3, 0)	bits:216.853	mod_query_start:2125711	mod_query_end:2127090	perc_of_orf:0.978	
completeIS_0.95	2168687	2170021	1335	<unknown id>	ISCARN12_orf1 	IS200/IS605	IS1341	497.0	3.36078e-58	(-1, 0)	0.953	Metagenomic data	1.0	0	0	0	0	0	1	2	4	3	18	26	0	is_name:ISCARN12_orf1 	original_orf:464	original_aa_length:442	family:IS200/IS605	group:IS1341	origin:Metagenomic data	ntlength:1515.0	orflength:464	numorfs:1.0	sbjct_start:7	sbjct_end:448	expected:3.36078e-58	score:497.0	query_length:1340	query_start:6	identities:148	align_length:453	positives:228	query_end:1340	frame:(-1, 0)	bits:196.052	mod_query_start:2168686	mod_query_end:2170020	perc_of_orf:0.953	
wholeIS_0.8	976023	976568	546	<unknown id>	ISSoc2_orf1 	IS607	-	496.0	5.08141e-62	(-1, 0)	0.941	Synechococcus sp.	2.0	0	0	0	0	0	1	2	4	3	19	26	0	is_name:ISSoc2_orf1 	original_orf:205	original_aa_length:193	family:IS607	group:-	origin:Synechococcus sp.	ntlength:1837.0	orflength:205	numorfs:2.0	sbjct_start:4	sbjct_end:196	expected:5.08141e-62	score:496.0	query_length:1104	query_start:553	identities:96	align_length:193	positives:133	query_end:1098	frame:(-1, 0)	bits:195.667	mod_query_start:976022	mod_query_end:976567	perc_of_orf:0.941	
wholeIS_0.8	5820696	5821274	579	<unknown id>	ISCbt3_orf1 	IS607	-	492.0	1.47529e-63	(-1, 0)	0.886	Clostridium botulinum	2.0	0	0	0	0	0	1	2	4	3	20	26	0	is_name:ISCbt3_orf1 	original_orf:219	original_aa_length:194	family:IS607	group:-	origin:Clostridium botulinum	ntlength:1986.0	orflength:219	numorfs:2.0	sbjct_start:4	sbjct_end:197	expected:1.47529e-63	score:492.0	query_length:614	query_start:36	identities:90	align_length:194	positives:134	query_end:614	frame:(-1, 0)	bits:194.126	mod_query_start:5820695	mod_query_end:5821273	perc_of_orf:0.886	
ISend	2022478	2022813	336	<unknown id>	ISTel3_orf1 	IS200/IS605	IS1341	491.0	2.33581e-62	(-1, 0)	0.287	Thermosynechococcus elongatus	1.0	0	0	0	1	0	1	2	4	3	20	26	0	is_name:ISTel3_orf1 	original_orf:390	original_aa_length:112	family:IS200/IS605	group:IS1341	origin:Thermosynechococcus elongatus	ntlength:1323.0	orflength:390	numorfs:1.0	sbjct_start:277	sbjct_end:388	expected:2.33581e-62	score:491.0	query_length:437	query_start:48	identities:89	align_length:112	positives:98	query_end:383	frame:(-1, 0)	bits:193.741	mod_query_start:2022477	mod_query_end:2022812	perc_of_orf:0.287	
wholeIS_0.8	2659252	2659788	537	<unknown id>	ISArma1_orf1 	IS607	-	483.0	1.58495e-61	(3, 0)	0.883	Arthrospira maxima	2.0	0	0	0	1	0	1	2	4	3	21	26	0	is_name:ISArma1_orf1 	original_orf:206	original_aa_length:182	family:IS607	group:-	origin:Arthrospira maxima	ntlength:1766.0	orflength:206	numorfs:2.0	sbjct_start:9	sbjct_end:190	expected:1.58495e-61	score:483.0	query_length:780	query_start:48	identities:92	align_length:182	positives:124	query_end:584	frame:(3, 0)	bits:190.66	mod_query_start:2659251	mod_query_end:2659787	perc_of_orf:0.883	
wholeIS_0.8	6411858	6412967	1110	<unknown id>	ISCARN56_orf2 	IS607	-	482.0	5.10421e-57	(3, 0)	0.897	Metagenomic data	2.0	0	0	0	1	0	1	2	4	3	22	26	0	is_name:ISCARN56_orf2 	original_orf:400	original_aa_length:359	family:IS607	group:-	origin:Metagenomic data	ntlength:1894.0	orflength:400	numorfs:2.0	sbjct_start:24	sbjct_end:382	expected:5.10421e-57	score:482.0	query_length:1241	query_start:66	identities:132	align_length:382	positives:193	query_end:1175	frame:(3, 0)	bits:190.274	mod_query_start:6411857	mod_query_end:6412966	perc_of_orf:0.897	
IS	6996233	6997222	990	<unknown id>	IS609_orf2 	IS200/IS605	-	476.0	1.21118e-55	(3, 0)	0.796	Escherichia coli	2.0	0	0	0	1	0	1	2	4	4	22	26	0	is_name:IS609_orf2 	original_orf:402	original_aa_length:320	family:IS200/IS605	group:-	origin:Escherichia coli	ntlength:1748.0	orflength:402	numorfs:2.0	sbjct_start:70	sbjct_end:389	expected:1.21118e-55	score:476.0	query_length:1382	query_start:330	identities:122	align_length:335	positives:184	query_end:1319	frame:(3, 0)	bits:187.963	mod_query_start:6996232	mod_query_end:6997221	perc_of_orf:0.796	
wholeIS_0.8	5311034	5312290	1257	<unknown id>	ISSoc3_orf2 	IS200/IS605	-	466.0	6.06347e-54	(-1, 0)	0.905	Synechococcus sp.	2.0	0	0	0	1	0	1	2	4	4	23	26	0	is_name:ISSoc3_orf2 	original_orf:423	original_aa_length:383	family:IS200/IS605	group:-	origin:Synechococcus sp.	ntlength:1806.0	orflength:423	numorfs:2.0	sbjct_start:1	sbjct_end:383	expected:6.06347e-54	score:466.0	query_length:1385	query_start:129	identities:129	align_length:431	positives:207	query_end:1385	frame:(-1, 0)	bits:184.111	mod_query_start:5311033	mod_query_end:5312289	perc_of_orf:0.905	
wholeIS_0.8	3126595	3127887	1293	<unknown id>	ISSoc3_orf2 	IS200/IS605	-	463.0	2.72873e-53	(3, 0)	0.915	Synechococcus sp.	2.0	0	0	0	1	0	1	2	4	4	24	26	0	is_name:ISSoc3_orf2 	original_orf:423	original_aa_length:387	family:IS200/IS605	group:-	origin:Synechococcus sp.	ntlength:1806.0	orflength:423	numorfs:2.0	sbjct_start:2	sbjct_end:388	expected:2.72873e-53	score:463.0	query_length:1469	query_start:3	identities:134	align_length:437	positives:203	query_end:1295	frame:(3, 0)	bits:182.956	mod_query_start:3126594	mod_query_end:3127886	perc_of_orf:0.915	
IS	2941724	2942656	933	<unknown id>	ISSoc3_orf2 	IS200/IS605	-	459.0	1.86167e-54	(3, 0)	0.652	Synechococcus sp.	2.0	0	0	0	1	0	1	2	5	4	24	26	0	is_name:ISSoc3_orf2 	original_orf:423	original_aa_length:276	family:IS200/IS605	group:-	origin:Synechococcus sp.	ntlength:1806.0	orflength:423	numorfs:2.0	sbjct_start:4	sbjct_end:279	expected:1.86167e-54	score:459.0	query_length:1010	query_start:9	identities:113	align_length:318	positives:171	query_end:941	frame:(3, 0)	bits:181.415	mod_query_start:2941723	mod_query_end:2942655	perc_of_orf:0.652	
wholeIS_0.8	2170141	2170692	552	<unknown id>	ISArma1_orf1 	IS607	-	447.0	3.50359e-57	(-1, 0)	0.888	Arthrospira maxima	2.0	0	0	0	1	0	1	2	5	4	25	26	0	is_name:ISArma1_orf1 	original_orf:206	original_aa_length:183	family:IS607	group:-	origin:Arthrospira maxima	ntlength:1766.0	orflength:206	numorfs:2.0	sbjct_start:9	sbjct_end:191	expected:3.50359e-57	score:447.0	query_length:584	query_start:30	identities:81	align_length:184	positives:116	query_end:581	frame:(-1, 0)	bits:176.792	mod_query_start:2170140	mod_query_end:2170691	perc_of_orf:0.888	
IS	988818	989486	669	<unknown id>	ISSs1_orf1 	IS200/IS605	IS1341	444.0	6.14922e-89	(3, 0)	0.545	Synechococcus sp.	1.0	0	0	0	1	0	2	2	5	4	25	26	0	is_name:ISSs1_orf1 	original_orf:429	original_aa_length:234	family:IS200/IS605	group:IS1341	origin:Synechococcus sp.	ntlength:1481.0	orflength:429	numorfs:1.0	sbjct_start:3	sbjct_end:236	expected:6.14922e-89	score:444.0	query_length:1330	query_start:54	identities:104	align_length:236	positives:137	query_end:722	frame:(3, 0)	bits:175.637	mod_query_start:988817	mod_query_end:989485	perc_of_orf:0.545	
completeIS_0.95	632188	632565	378	<unknown id>	ISNsp2_orf1 	IS200/IS605	-	438.0	1.78487e-57	(3, 0)	0.962	Nostoc sp.	2.0	0	0	0	1	0	2	2	5	4	25	27	0	is_name:ISNsp2_orf1 	original_orf:133	original_aa_length:128	family:IS200/IS605	group:-	origin:Nostoc sp.	ntlength:1718.0	orflength:133	numorfs:2.0	sbjct_start:5	sbjct_end:132	expected:1.78487e-57	score:438.0	query_length:443	query_start:24	identities:80	align_length:128	positives:100	query_end:401	frame:(3, 0)	bits:173.326	mod_query_start:632187	mod_query_end:632564	perc_of_orf:0.962	
wholeIS_0.8	5034586	5035641	1056	<unknown id>	ISHti3_orf1 	IS200/IS605	IS1341	435.0	3.66751e-50	(3, 0)	0.854	Halorhabdus tiamatea	1.0	0	0	0	1	0	2	2	5	4	26	27	0	is_name:ISHti3_orf1 	original_orf:418	original_aa_length:357	family:IS200/IS605	group:IS1341	origin:Halorhabdus tiamatea	ntlength:1400.0	orflength:418	numorfs:1.0	sbjct_start:6	sbjct_end:362	expected:3.66751e-50	score:435.0	query_length:1202	query_start:15	identities:121	align_length:371	positives:193	query_end:1070	frame:(3, 0)	bits:172.17	mod_query_start:5034585	mod_query_end:5035640	perc_of_orf:0.854	
wholeIS_0.8	7050570	7050980	411	<unknown id>	ISSoc3_orf1 	IS200/IS605	-	433.0	1.28129e-56	(-1, 0)	0.866	Synechococcus sp.	2.0	0	0	0	1	0	2	2	5	4	27	27	0	is_name:ISSoc3_orf1 	original_orf:157	original_aa_length:136	family:IS200/IS605	group:-	origin:Synechococcus sp.	ntlength:1806.0	orflength:157	numorfs:2.0	sbjct_start:21	sbjct_end:156	expected:1.28129e-56	score:433.0	query_length:413	query_start:3	identities:81	align_length:137	positives:99	query_end:413	frame:(-1, 0)	bits:171.4	mod_query_start:7050569	mod_query_end:7050979	perc_of_orf:0.866	
completeIS_0.95	6995442	6995828	387	<unknown id>	ISDge10_orf1 	IS200/IS605	-	428.0	3.50146e-56	(-1, 0)	0.977	Deinococcus geothermalis	2.0	0	0	0	1	0	2	2	5	4	27	28	0	is_name:ISDge10_orf1 	original_orf:132	original_aa_length:129	family:IS200/IS605	group:-	origin:Deinococcus geothermalis	ntlength:1757.0	orflength:132	numorfs:2.0	sbjct_start:4	sbjct_end:132	expected:3.50146e-56	score:428.0	query_length:419	query_start:6	identities:76	align_length:129	positives:98	query_end:392	frame:(-1, 0)	bits:169.474	mod_query_start:6995441	mod_query_end:6995827	perc_of_orf:0.977	
IS	989519	989953	435	<unknown id>	ISSs1_orf1 	IS200/IS605	IS1341	426.0	2.37409e-51	(3, 0)	0.336	Synechococcus sp.	1.0	0	0	0	2	0	2	2	5	4	27	28	0	is_name:ISSs1_orf1 	original_orf:429	original_aa_length:144	family:IS200/IS605	group:IS1341	origin:Synechococcus sp.	ntlength:1481.0	orflength:429	numorfs:1.0	sbjct_start:239	sbjct_end:382	expected:2.37409e-51	score:426.0	query_length:608	query_start:33	identities:82	align_length:145	positives:103	query_end:467	frame:(3, 0)	bits:168.703	mod_query_start:988796	mod_query_end:989230	perc_of_orf:0.336	
wholeIS_0.8	6231129	6232433	1305	<unknown id>	ISSoc3_orf2 	IS200/IS605	-	422.0	1.26501e-47	(3, 0)	0.929	Synechococcus sp.	2.0	0	0	0	2	0	2	2	5	4	28	28	0	is_name:ISSoc3_orf2 	original_orf:423	original_aa_length:393	family:IS200/IS605	group:-	origin:Synechococcus sp.	ntlength:1806.0	orflength:423	numorfs:2.0	sbjct_start:1	sbjct_end:393	expected:1.26501e-47	score:422.0	query_length:1388	query_start:3	identities:136	align_length:448	positives:210	query_end:1307	frame:(3, 0)	bits:167.162	mod_query_start:6231128	mod_query_end:6232432	perc_of_orf:0.929	
ISend	1661989	1662300	312	<unknown id>	ISCysp13_orf2 	IS200/IS605	-	416.0	2.27653e-51	(3, 0)	0.248	Cyanothece sp.	2.0	0	0	1	2	0	2	2	5	4	28	28	0	is_name:ISCysp13_orf2 	original_orf:420	original_aa_length:104	family:IS200/IS605	group:-	origin:Cyanothece sp.	ntlength:1836.0	orflength:420	numorfs:2.0	sbjct_start:298	sbjct_end:401	expected:2.27653e-51	score:416.0	query_length:341	query_start:3	identities:77	align_length:104	positives:88	query_end:314	frame:(3, 0)	bits:164.851	mod_query_start:1661988	mod_query_end:1662299	perc_of_orf:0.248	
wholeIS_0.8	6146875	6147252	378	<unknown id>	ISSoc3_orf1 	IS200/IS605	-	411.0	4.2509e-53	(3, 0)	0.803	Synechococcus sp.	2.0	0	0	1	2	0	2	2	5	5	28	28	0	is_name:ISSoc3_orf1 	original_orf:157	original_aa_length:126	family:IS200/IS605	group:-	origin:Synechococcus sp.	ntlength:1806.0	orflength:157	numorfs:2.0	sbjct_start:31	sbjct_end:156	expected:4.2509e-53	score:411.0	query_length:443	query_start:30	identities:74	align_length:126	positives:92	query_end:407	frame:(3, 0)	bits:162.925	mod_query_start:6146874	mod_query_end:6147251	perc_of_orf:0.803	
wholeIS_0.8	2916899	2917471	573	<unknown id>	ISCbo6_orf1 	IS607	-	410.0	2.00007e-51	(-1, 0)	0.947	Clostridium 	2.0	0	0	1	2	0	2	2	5	5	29	28	0	is_name:ISCbo6_orf1 	original_orf:208	original_aa_length:197	family:IS607	group:-	origin:Clostridium 	ntlength:1981.0	orflength:208	numorfs:2.0	sbjct_start:5	sbjct_end:201	expected:2.00007e-51	score:410.0	query_length:593	query_start:18	identities:87	align_length:198	positives:135	query_end:590	frame:(-1, 0)	bits:162.54	mod_query_start:2916898	mod_query_end:2917470	perc_of_orf:0.947	
IS	3546749	3547243	495	<unknown id>	ISSs1_orf1 	IS200/IS605	IS1341	410.0	1.48557e-46	(-3, 0)	0.382	Synechococcus sp.	1.0	0	0	1	2	1	2	2	5	5	29	28	0	is_name:ISSs1_orf1 	original_orf:429	original_aa_length:164	family:IS200/IS605	group:IS1341	origin:Synechococcus sp.	ntlength:1481.0	orflength:429	numorfs:1.0	sbjct_start:218	sbjct_end:381	expected:1.48557e-46	score:410.0	query_length:1182	query_start:20	identities:81	align_length:165	positives:110	query_end:514	frame:(-3, 0)	bits:162.54	mod_query_start:3545564	mod_query_end:3546058	perc_of_orf:0.382	
completeIS_0.95	6230656	6231042	387	<unknown id>	ISDge10_orf1 	IS200/IS605	-	404.0	2.33513e-52	(-1, 0)	0.977	Deinococcus geothermalis	2.0	0	0	1	2	1	2	2	5	5	29	29	0	is_name:ISDge10_orf1 	original_orf:132	original_aa_length:129	family:IS200/IS605	group:-	origin:Deinococcus geothermalis	ntlength:1757.0	orflength:132	numorfs:2.0	sbjct_start:4	sbjct_end:132	expected:2.33513e-52	score:404.0	query_length:458	query_start:15	identities:73	align_length:129	positives:95	query_end:401	frame:(-1, 0)	bits:160.229	mod_query_start:6230655	mod_query_end:6231041	perc_of_orf:0.977	
IS	3547249	3547908	660	<unknown id>	ISSoc3_orf2 	IS200/IS605	-	400.0	3.14288e-47	(-1, 0)	0.544	Synechococcus sp.	2.0	0	0	1	2	1	3	2	5	5	29	29	0	is_name:ISSoc3_orf2 	original_orf:423	original_aa_length:230	family:IS200/IS605	group:-	origin:Synechococcus sp.	ntlength:1806.0	orflength:423	numorfs:2.0	sbjct_start:1	sbjct_end:230	expected:3.14288e-47	score:400.0	query_length:668	query_start:6	identities:88	align_length:230	positives:138	query_end:665	frame:(-1, 0)	bits:158.688	mod_query_start:3545550	mod_query_end:3546209	perc_of_orf:0.544	
IS	2639512	2640276	765	<unknown id>	ISMma19_orf2 	IS200/IS605	-	399.0	6.13304e-64	(3, 0)	0.675	Methanosarcina mazei	2.0	0	0	1	2	1	3	2	6	5	29	29	0	is_name:ISMma19_orf2 	original_orf:379	original_aa_length:256	family:IS200/IS605	group:-	origin:Methanosarcina mazei	ntlength:1708.0	orflength:379	numorfs:2.0	sbjct_start:9	sbjct_end:264	expected:6.13304e-64	score:399.0	query_length:1242	query_start:3	identities:100	align_length:262	positives:151	query_end:767	frame:(3, 0)	bits:158.303	mod_query_start:2639511	mod_query_end:2640275	perc_of_orf:0.675	
completeIS_0.95	6588508	6588894	387	<unknown id>	ISDge10_orf1 	IS200/IS605	-	397.0	4.62181e-51	(-1, 0)	0.977	Deinococcus geothermalis	2.0	0	0	1	2	1	3	2	6	5	29	30	0	is_name:ISDge10_orf1 	original_orf:132	original_aa_length:129	family:IS200/IS605	group:-	origin:Deinococcus geothermalis	ntlength:1757.0	orflength:132	numorfs:2.0	sbjct_start:4	sbjct_end:132	expected:4.62181e-51	score:397.0	query_length:479	query_start:63	identities:72	align_length:129	positives:93	query_end:449	frame:(-1, 0)	bits:157.532	mod_query_start:6588507	mod_query_end:6588893	perc_of_orf:0.977	
IS	3925650	3926234	585	<unknown id>	ISPa18_orf1 	IS200/IS605	IS1341	394.0	3.02854e-44	(-3, 0)	0.465	Pseudomonas aeruginosa	1.0	0	0	1	2	1	4	2	6	5	29	30	0	is_name:ISPa18_orf1 	original_orf:372	original_aa_length:173	family:IS200/IS605	group:IS1341	origin:Pseudomonas aeruginosa	ntlength:1339.0	orflength:372	numorfs:1.0	sbjct_start:188	sbjct_end:360	expected:3.02854e-44	score:394.0	query_length:1324	query_start:147	identities:95	align_length:195	positives:121	query_end:731	frame:(-3, 0)	bits:156.377	mod_query_start:3925649	mod_query_end:3926233	perc_of_orf:0.465	
wholeIS_0.8	4497376	4497747	372	<unknown id>	ISDge10_orf1 	IS200/IS605	-	389.0	5.72051e-50	(-1, 0)	0.939	Deinococcus geothermalis	2.0	0	0	1	2	1	4	2	6	5	30	30	0	is_name:ISDge10_orf1 	original_orf:132	original_aa_length:124	family:IS200/IS605	group:-	origin:Deinococcus geothermalis	ntlength:1757.0	orflength:132	numorfs:2.0	sbjct_start:9	sbjct_end:132	expected:5.72051e-50	score:389.0	query_length:458	query_start:63	identities:71	align_length:124	positives:90	query_end:434	frame:(-1, 0)	bits:154.451	mod_query_start:4497375	mod_query_end:4497746	perc_of_orf:0.939	
completeIS_0.95	3720304	3720699	396	<unknown id>	ISDge10_orf1 	IS200/IS605	-	388.0	7.49438e-50	(3, 0)	1.0	Deinococcus geothermalis	2.0	0	0	1	2	1	4	2	6	5	30	31	0	is_name:ISDge10_orf1 	original_orf:132	original_aa_length:132	family:IS200/IS605	group:-	origin:Deinococcus geothermalis	ntlength:1757.0	orflength:132	numorfs:2.0	sbjct_start:1	sbjct_end:132	expected:7.49438e-50	score:388.0	query_length:449	query_start:6	identities:70	align_length:132	positives:96	query_end:401	frame:(3, 0)	bits:154.066	mod_query_start:3720303	mod_query_end:3720698	perc_of_orf:1.0	
wholeIS_0.8	4498162	4499193	1032	<unknown id>	IS609_orf2 	IS200/IS605	-	388.0	4.82331e-43	(3, 0)	0.816	Escherichia coli	2.0	0	0	1	2	1	4	2	6	6	30	31	0	is_name:IS609_orf2 	original_orf:402	original_aa_length:328	family:IS200/IS605	group:-	origin:Escherichia coli	ntlength:1748.0	orflength:402	numorfs:2.0	sbjct_start:70	sbjct_end:397	expected:4.82331e-43	score:388.0	query_length:1358	query_start:327	identities:113	align_length:347	positives:184	query_end:1358	frame:(3, 0)	bits:154.066	mod_query_start:4498161	mod_query_end:4499192	perc_of_orf:0.816	
wholeIS_0.8	5722724	5723302	579	<unknown id>	ISCbo6_orf1 	IS607	-	380.0	7.85671e-47	(-1, 0)	0.923	Clostridium 	2.0	0	0	1	2	1	4	2	6	6	31	31	0	is_name:ISCbo6_orf1 	original_orf:208	original_aa_length:192	family:IS607	group:-	origin:Clostridium 	ntlength:1981.0	orflength:208	numorfs:2.0	sbjct_start:5	sbjct_end:196	expected:7.85671e-47	score:380.0	query_length:620	query_start:36	identities:83	align_length:195	positives:128	query_end:614	frame:(-1, 0)	bits:150.984	mod_query_start:5722723	mod_query_end:5723301	perc_of_orf:0.923	
wholeIS_0.8	3718944	3720221	1278	<unknown id>	ISSoc3_orf2 	IS200/IS605	-	376.0	4.66936e-41	(-1, 0)	0.915	Synechococcus sp.	2.0	0	0	1	2	1	4	2	6	6	32	31	0	is_name:ISSoc3_orf2 	original_orf:423	original_aa_length:387	family:IS200/IS605	group:-	origin:Synechococcus sp.	ntlength:1806.0	orflength:423	numorfs:2.0	sbjct_start:7	sbjct_end:393	expected:4.66936e-41	score:376.0	query_length:1391	query_start:99	identities:112	align_length:435	positives:208	query_end:1376	frame:(-1, 0)	bits:149.443	mod_query_start:3718943	mod_query_end:3720220	perc_of_orf:0.915	
IS	1579811	1580740	930	<unknown id>	ISCARN12_orf1 	IS200/IS605	IS1341	375.0	3.94794e-42	(-1, 0)	0.679	Metagenomic data	1.0	0	0	1	2	1	4	2	7	6	32	31	0	is_name:ISCARN12_orf1 	original_orf:464	original_aa_length:315	family:IS200/IS605	group:IS1341	origin:Metagenomic data	ntlength:1515.0	orflength:464	numorfs:1.0	sbjct_start:117	sbjct_end:431	expected:3.94794e-42	score:375.0	query_length:932	query_start:3	identities:106	align_length:320	positives:172	query_end:932	frame:(-1, 0)	bits:149.058	mod_query_start:1579810	mod_query_end:1580739	perc_of_orf:0.679	
ISend	7476404	7476676	273	<unknown id>	ISNsp2_orf2 	IS200/IS605	-	372.0	5.72943e-45	(-2, 0)	0.243	Nostoc sp.	2.0	0	0	2	2	1	4	2	7	6	32	31	0	is_name:ISNsp2_orf2 	original_orf:374	original_aa_length:91	family:IS200/IS605	group:-	origin:Nostoc sp.	ntlength:1718.0	orflength:374	numorfs:2.0	sbjct_start:283	sbjct_end:373	expected:5.72943e-45	score:372.0	query_length:402	query_start:3	identities:67	align_length:91	positives:80	query_end:275	frame:(-2, 0)	bits:147.902	mod_query_start:7476403	mod_query_end:7476675	perc_of_orf:0.243	
IS	3098351	3098725	375	<unknown id>	ISSoc3_orf1 	IS200/IS605	-	370.0	7.74234e-47	(-2, 0)	0.796	Synechococcus sp.	2.0	0	0	2	2	1	4	2	7	7	32	31	0	is_name:ISSoc3_orf1 	original_orf:157	original_aa_length:125	family:IS200/IS605	group:-	origin:Synechococcus sp.	ntlength:1806.0	orflength:157	numorfs:2.0	sbjct_start:32	sbjct_end:156	expected:7.74234e-47	score:370.0	query_length:441	query_start:3	identities:66	align_length:125	positives:93	query_end:377	frame:(-2, 0)	bits:147.132	mod_query_start:3098350	mod_query_end:3098724	perc_of_orf:0.796	
wholeIS_0.8	6110470	6111564	1095	<unknown id>	ISHti3_orf1 	IS200/IS605	IS1341	370.0	9.37862e-41	(3, 0)	0.876	Halorhabdus tiamatea	1.0	0	0	2	2	1	4	2	7	7	33	31	0	is_name:ISHti3_orf1 	original_orf:418	original_aa_length:366	family:IS200/IS605	group:IS1341	origin:Halorhabdus tiamatea	ntlength:1400.0	orflength:418	numorfs:1.0	sbjct_start:6	sbjct_end:371	expected:9.37862e-41	score:370.0	query_length:1226	query_start:15	identities:117	align_length:383	positives:190	query_end:1109	frame:(3, 0)	bits:147.132	mod_query_start:6110469	mod_query_end:6111563	perc_of_orf:0.876	
wholeIS_0.8	1619371	1619760	390	<unknown id>	ISCysp14_orf1 	IS200/IS605	-	369.0	5.04817e-47	(-1, 0)	0.942	Cyanothece sp.	2.0	0	0	2	2	1	4	2	7	7	34	31	0	is_name:ISCysp14_orf1 	original_orf:139	original_aa_length:131	family:IS200/IS605	group:-	origin:Cyanothece sp.	ntlength:1822.0	orflength:139	numorfs:2.0	sbjct_start:7	sbjct_end:137	expected:5.04817e-47	score:369.0	query_length:428	query_start:12	identities:77	align_length:131	positives:105	query_end:401	frame:(-1, 0)	bits:146.747	mod_query_start:1619370	mod_query_end:1619759	perc_of_orf:0.942	
wholeIS_0.8	3514897	3516012	1116	<unknown id>	ISSoc3_orf2 	IS200/IS605	-	365.0	4.30727e-40	(3, 0)	0.806	Synechococcus sp.	2.0	0	0	2	2	1	4	2	7	8	34	31	0	is_name:ISSoc3_orf2 	original_orf:423	original_aa_length:341	family:IS200/IS605	group:-	origin:Synechococcus sp.	ntlength:1806.0	orflength:423	numorfs:2.0	sbjct_start:2	sbjct_end:342	expected:4.30727e-40	score:365.0	query_length:1196	query_start:3	identities:121	align_length:387	positives:194	query_end:1118	frame:(3, 0)	bits:145.206	mod_query_start:3514896	mod_query_end:3516011	perc_of_orf:0.806	
ISend	1653199	1653438	240	<unknown id>	ISAva1_orf1 	IS4	ISH8	362.0	7.89741e-44	(-1, 0)	0.182	Anabaena variabilis	1.0	0	0	3	2	1	4	2	7	8	34	31	0	is_name:ISAva1_orf1 	original_orf:439	original_aa_length:80	family:IS4	group:ISH8	origin:Anabaena variabilis	ntlength:1617.0	orflength:439	numorfs:1.0	sbjct_start:357	sbjct_end:436	expected:7.89741e-44	score:362.0	query_length:245	query_start:6	identities:64	align_length:80	positives:74	query_end:245	frame:(-1, 0)	bits:144.05	mod_query_start:1653198	mod_query_end:1653437	perc_of_orf:0.182	
IS	5279537	5280121	585	<unknown id>	ISCARN56_orf2 	IS607	-	360.0	1.37268e-42	(1, 0)	0.47	Metagenomic data	2.0	0	0	3	2	1	5	2	7	8	34	31	0	is_name:ISCARN56_orf2 	original_orf:400	original_aa_length:188	family:IS607	group:-	origin:Metagenomic data	ntlength:1894.0	orflength:400	numorfs:2.0	sbjct_start:195	sbjct_end:382	expected:1.37268e-42	score:360.0	query_length:1281	query_start:607	identities:86	align_length:197	positives:115	query_end:1191	frame:(1, 0)	bits:143.28	mod_query_start:5279536	mod_query_end:5280120	perc_of_orf:0.47	
IS	6589295	6590386	1092	<unknown id>	IS609_orf2 	IS200/IS605	-	360.0	6.62682e-39	(3, 0)	0.759	Escherichia coli	2.0	0	0	3	2	1	5	2	7	9	34	31	0	is_name:IS609_orf2 	original_orf:402	original_aa_length:305	family:IS200/IS605	group:-	origin:Escherichia coli	ntlength:1748.0	orflength:402	numorfs:2.0	sbjct_start:70	sbjct_end:374	expected:6.62682e-39	score:360.0	query_length:1445	query_start:327	identities:122	align_length:367	positives:182	query_end:1418	frame:(3, 0)	bits:143.28	mod_query_start:6589294	mod_query_end:6590385	perc_of_orf:0.759	
completeIS_0.95	1904394	1905737	1344	<unknown id>	ISSoc3_orf2 	IS200/IS605	-	359.0	1.10359e-38	(-1, 0)	0.986	Synechococcus sp.	2.0	0	0	3	2	1	5	2	7	9	34	32	0	is_name:ISSoc3_orf2 	original_orf:423	original_aa_length:417	family:IS200/IS605	group:-	origin:Synechococcus sp.	ntlength:1806.0	orflength:423	numorfs:2.0	sbjct_start:1	sbjct_end:417	expected:1.10359e-38	score:359.0	query_length:1418	query_start:75	identities:123	align_length:469	positives:208	query_end:1418	frame:(-1, 0)	bits:142.895	mod_query_start:1904393	mod_query_end:1905736	perc_of_orf:0.986	
IS	1219298	1219645	348	<unknown id>	ISSs1_orf1 	IS200/IS605	IS1341	356.0	1.57292e-41	(-1, 0)	0.268	Synechococcus sp.	1.0	0	0	3	3	1	5	2	7	9	34	32	0	is_name:ISSs1_orf1 	original_orf:429	original_aa_length:115	family:IS200/IS605	group:IS1341	origin:Synechococcus sp.	ntlength:1481.0	orflength:429	numorfs:1.0	sbjct_start:269	sbjct_end:383	expected:1.57292e-41	score:356.0	query_length:518	query_start:117	identities:68	align_length:116	positives:86	query_end:464	frame:(-1, 0)	bits:141.739	mod_query_start:1219297	mod_query_end:1219644	perc_of_orf:0.268	
IS	7224674	7225000	327	<unknown id>	ISAcma25_orf3 	IS630	-	353.0	1.04495e-52	(3, 0)	0.376	Acaryochloris marina	3.0	0	0	3	3	2	5	2	7	9	34	32	0	is_name:ISAcma25_orf3 	original_orf:290	original_aa_length:109	family:IS630	group:-	origin:Acaryochloris marina	ntlength:950.0	orflength:290	numorfs:3.0	sbjct_start:119	sbjct_end:227	expected:1.04495e-52	score:353.0	query_length:519	query_start:3	identities:62	align_length:109	positives:76	query_end:329	frame:(3, 0)	bits:140.584	mod_query_start:7224673	mod_query_end:7224999	perc_of_orf:0.376	
IS	4886307	4886795	489	<unknown id>	ISMae41_orf1 	IS200/IS605	IS1341	347.0	3.15959e-40	(-1, 0)	0.344	Microcystis aeruginosa	1.0	0	0	3	4	2	5	2	7	9	34	32	0	is_name:ISMae41_orf1 	original_orf:395	original_aa_length:136	family:IS200/IS605	group:IS1341	origin:Microcystis aeruginosa	ntlength:1321.0	orflength:395	numorfs:1.0	sbjct_start:245	sbjct_end:380	expected:3.15959e-40	score:347.0	query_length:581	query_start:66	identities:74	align_length:163	positives:96	query_end:554	frame:(-1, 0)	bits:138.272	mod_query_start:4886306	mod_query_end:4886794	perc_of_orf:0.344	
ISstart	2731797	2732072	276	<unknown id>	ISAva5_orf1 	IS5	-	343.0	2.92726e-40	(3, 0)	0.167	Anabaena variabilis	1.0	0	0	4	4	2	5	2	7	9	34	32	0	is_name:ISAva5_orf1 	original_orf:551	original_aa_length:92	family:IS5	group:-	origin:Anabaena variabilis	ntlength:1818.0	orflength:551	numorfs:1.0	sbjct_start:2	sbjct_end:93	expected:2.92726e-40	score:343.0	query_length:278	query_start:3	identities:63	align_length:92	positives:72	query_end:278	frame:(3, 0)	bits:136.732	mod_query_start:2731796	mod_query_end:2732071	perc_of_orf:0.167	
wholeIS_0.8	6003427	6004011	585	<unknown id>	ISCbo6_orf1 	IS607	-	341.0	6.14694e-41	(3, 0)	0.942	Clostridium 	2.0	0	0	4	4	2	5	2	7	9	35	32	0	is_name:ISCbo6_orf1 	original_orf:208	original_aa_length:196	family:IS607	group:-	origin:Clostridium 	ntlength:1981.0	orflength:208	numorfs:2.0	sbjct_start:5	sbjct_end:200	expected:6.14694e-41	score:341.0	query_length:632	query_start:24	identities:86	align_length:199	positives:139	query_end:608	frame:(3, 0)	bits:135.961	mod_query_start:6003426	mod_query_end:6004010	perc_of_orf:0.942	
completeIS_0.95	3126109	3126489	381	<unknown id>	ISDge10_orf1 	IS200/IS605	-	335.0	3.79674e-42	(-1, 0)	0.962	Deinococcus geothermalis	2.0	0	0	4	4	2	5	2	7	9	35	33	0	is_name:ISDge10_orf1 	original_orf:132	original_aa_length:127	family:IS200/IS605	group:-	origin:Deinococcus geothermalis	ntlength:1757.0	orflength:132	numorfs:2.0	sbjct_start:3	sbjct_end:129	expected:3.79674e-42	score:335.0	query_length:407	query_start:15	identities:71	align_length:127	positives:93	query_end:395	frame:(-1, 0)	bits:133.65	mod_query_start:3126108	mod_query_end:3126488	perc_of_orf:0.962	
completeIS_0.95	4752498	4752953	456	<unknown id>	ISAcma28_orf1 	IS630	-	335.0	2.29933e-41	(-1, 0)	0.956	Acaryochloris marina	3.0	0	0	4	4	2	5	2	7	9	35	34	0	is_name:ISAcma28_orf1 	original_orf:159	original_aa_length:152	family:IS630	group:-	origin:Acaryochloris marina	ntlength:1130.0	orflength:159	numorfs:3.0	sbjct_start:1	sbjct_end:152	expected:2.29933e-41	score:335.0	query_length:464	query_start:9	identities:65	align_length:152	positives:94	query_end:464	frame:(-1, 0)	bits:133.65	mod_query_start:4752497	mod_query_end:4752952	perc_of_orf:0.956	
IS	6440987	6441265	279	<unknown id>	ISSoc3_orf1 	IS200/IS605	-	323.0	1.71142e-40	(3, 0)	0.586	Synechococcus sp.	2.0	0	0	4	4	2	5	3	7	9	35	34	0	is_name:ISSoc3_orf1 	original_orf:157	original_aa_length:92	family:IS200/IS605	group:-	origin:Synechococcus sp.	ntlength:1806.0	orflength:157	numorfs:2.0	sbjct_start:66	sbjct_end:157	expected:1.71142e-40	score:323.0	query_length:299	query_start:9	identities:59	align_length:93	positives:72	query_end:287	frame:(3, 0)	bits:129.028	mod_query_start:6440986	mod_query_end:6441264	perc_of_orf:0.586	
wholeIS_0.8	2255115	2256122	1008	<unknown id>	ISHti3_orf1 	IS200/IS605	IS1341	321.0	3.59546e-34	(3, 0)	0.825	Halorhabdus tiamatea	1.0	0	0	4	4	2	5	3	7	10	35	34	0	is_name:ISHti3_orf1 	original_orf:418	original_aa_length:345	family:IS200/IS605	group:IS1341	origin:Halorhabdus tiamatea	ntlength:1400.0	orflength:418	numorfs:1.0	sbjct_start:6	sbjct_end:350	expected:3.59546e-34	score:321.0	query_length:1127	query_start:33	identities:115	align_length:355	positives:187	query_end:1040	frame:(3, 0)	bits:128.257	mod_query_start:2255114	mod_query_end:2256121	perc_of_orf:0.825	
ISstart	7224369	7224653	285	<unknown id>	ISAtsp1_orf1 	IS630	-	320.0	1.37673e-38	(3, 0)	0.326	Arthrospira sp.	1.0	0	0	4	5	2	5	3	7	10	35	34	0	is_name:ISAtsp1_orf1 	original_orf:291	original_aa_length:95	family:IS630	group:-	origin:Arthrospira sp.	ntlength:957.0	orflength:291	numorfs:1.0	sbjct_start:18	sbjct_end:112	expected:1.37673e-38	score:320.0	query_length:294	query_start:6	identities:59	align_length:95	positives:76	query_end:290	frame:(3, 0)	bits:127.872	mod_query_start:7224368	mod_query_end:7224652	perc_of_orf:0.326	
wholeIS_0.8	6927142	6927612	471	<unknown id>	ISDge10_orf1 	IS200/IS605	-	318.0	4.54224e-39	(3, 0)	0.902	Deinococcus geothermalis	2.0	0	0	4	5	2	5	3	7	10	36	34	0	is_name:ISDge10_orf1 	original_orf:132	original_aa_length:119	family:IS200/IS605	group:-	origin:Deinococcus geothermalis	ntlength:1757.0	orflength:132	numorfs:2.0	sbjct_start:14	sbjct_end:132	expected:4.54224e-39	score:318.0	query_length:482	query_start:9	identities:67	align_length:157	positives:87	query_end:479	frame:(3, 0)	bits:127.102	mod_query_start:6927141	mod_query_end:6927611	perc_of_orf:0.902	
wholeIS_0.8	2852246	2852635	390	<unknown id>	ISCysp14_orf1 	IS200/IS605	-	315.0	8.62199e-39	(-1, 0)	0.935	Cyanothece sp.	2.0	0	0	4	5	2	5	3	7	10	37	34	0	is_name:ISCysp14_orf1 	original_orf:139	original_aa_length:130	family:IS200/IS605	group:-	origin:Cyanothece sp.	ntlength:1822.0	orflength:139	numorfs:2.0	sbjct_start:5	sbjct_end:134	expected:8.62199e-39	score:315.0	query_length:446	query_start:27	identities:54	align_length:130	positives:90	query_end:416	frame:(-1, 0)	bits:125.946	mod_query_start:2852245	mod_query_end:2852634	perc_of_orf:0.935	
IS	2944831	2945160	330	<unknown id>	ISSoc3_orf2 	IS200/IS605	-	301.0	6.48411e-34	(3, 0)	0.258	Synechococcus sp.	2.0	0	0	4	6	2	5	3	7	10	37	34	0	is_name:ISSoc3_orf2 	original_orf:423	original_aa_length:109	family:IS200/IS605	group:-	origin:Synechococcus sp.	ntlength:1806.0	orflength:423	numorfs:2.0	sbjct_start:280	sbjct_end:388	expected:6.48411e-34	score:301.0	query_length:446	query_start:87	identities:61	align_length:110	positives:78	query_end:416	frame:(3, 0)	bits:120.553	mod_query_start:2944830	mod_query_end:2945159	perc_of_orf:0.258	
ISstart	7051054	7051491	438	<unknown id>	ISDra2_orf2 	IS200/IS605	-	296.0	2.76763e-33	(3, 0)	0.38	Deinococcus radiodurans	2.0	0	0	4	6	3	5	3	7	10	37	34	0	is_name:ISDra2_orf2 	original_orf:408	original_aa_length:155	family:IS200/IS605	group:-	origin:Deinococcus radiodurans	ntlength:1737.0	orflength:408	numorfs:2.0	sbjct_start:11	sbjct_end:165	expected:2.76763e-33	score:296.0	query_length:467	query_start:3	identities:64	align_length:155	positives:92	query_end:440	frame:(3, 0)	bits:118.627	mod_query_start:7051053	mod_query_end:7051490	perc_of_orf:0.38	
IS	5278521	5278832	312	<unknown id>	ISSoc2_orf1 	IS607	-	294.0	5.64761e-35	(1, 0)	0.507	Synechococcus sp.	2.0	0	0	4	6	3	6	3	7	10	37	34	0	is_name:ISSoc2_orf1 	original_orf:205	original_aa_length:104	family:IS607	group:-	origin:Synechococcus sp.	ntlength:1837.0	orflength:205	numorfs:2.0	sbjct_start:95	sbjct_end:198	expected:5.64761e-35	score:294.0	query_length:612	query_start:289	identities:51	align_length:104	positives:75	query_end:600	frame:(1, 0)	bits:117.857	mod_query_start:5278520	mod_query_end:5278831	perc_of_orf:0.507	
wholeIS_0.8	2894206	2895078	873	<unknown id>	ISHbo7_orf1 	IS200/IS605	IS1341	290.0	2.82803e-30	(-1, 0)	0.817	Halogeometricum borinquense	1.0	0	0	4	6	3	6	3	7	11	37	34	0	is_name:ISHbo7_orf1 	original_orf:349	original_aa_length:285	family:IS200/IS605	group:IS1341	origin:Halogeometricum borinquense	ntlength:1432.0	orflength:349	numorfs:1.0	sbjct_start:63	sbjct_end:347	expected:2.82803e-30	score:290.0	query_length:1133	query_start:81	identities:94	align_length:300	positives:154	query_end:953	frame:(-1, 0)	bits:116.316	mod_query_start:2894205	mod_query_end:2895077	perc_of_orf:0.817	
IS	78745	79644	900	<unknown id>	ISTac1_orf2 	IS200/IS605	-	289.0	3.74604e-30	(3, 0)	0.789	Thermoplasma acidophilum	2.0	0	0	4	6	3	6	3	7	12	37	34	0	is_name:ISTac1_orf2 	original_orf:350	original_aa_length:276	family:IS200/IS605	group:-	origin:Thermoplasma acidophilum	ntlength:1569.0	orflength:350	numorfs:2.0	sbjct_start:33	sbjct_end:308	expected:3.74604e-30	score:289.0	query_length:1118	query_start:141	identities:98	align_length:307	positives:156	query_end:1040	frame:(3, 0)	bits:115.931	mod_query_start:78744	mod_query_end:79643	perc_of_orf:0.789	
IS	3926237	3926812	576	<unknown id>	ISMac7_orf2 	IS200/IS605	-	287.0	1.56178e-31	(-1, 0)	0.503	Methanosarcina acetivorans	2.0	0	0	4	6	3	7	3	7	12	37	34	0	is_name:ISMac7_orf2 	original_orf:370	original_aa_length:186	family:IS200/IS605	group:-	origin:Methanosarcina acetivorans	ntlength:1711.0	orflength:370	numorfs:2.0	sbjct_start:3	sbjct_end:188	expected:1.56178e-31	score:287.0	query_length:593	query_start:3	identities:77	align_length:195	positives:111	query_end:578	frame:(-1, 0)	bits:115.161	mod_query_start:3925505	mod_query_end:3926080	perc_of_orf:0.503	
ISend	3809318	3809548	231	<unknown id>	ISPlag1_orf1 	IS701	-	284.0	3.71403e-33	(3, 0)	0.228	Planktothrix agardhii	1.0	0	0	5	6	3	7	3	7	12	37	34	0	is_name:ISPlag1_orf1 	original_orf:337	original_aa_length:77	family:IS701	group:-	origin:Planktothrix agardhii	ntlength:1306.0	orflength:337	numorfs:1.0	sbjct_start:258	sbjct_end:334	expected:3.71403e-33	score:284.0	query_length:239	query_start:9	identities:54	align_length:77	positives:65	query_end:239	frame:(3, 0)	bits:114.005	mod_query_start:3809317	mod_query_end:3809547	perc_of_orf:0.228	
IS	2640293	2640673	381	<unknown id>	ISTel3_orf1 	IS200/IS605	IS1341	283.0	2.00566e-31	(2, 0)	0.308	Thermosynechococcus elongatus	1.0	0	0	5	7	3	7	3	7	12	37	34	0	is_name:ISTel3_orf1 	original_orf:390	original_aa_length:120	family:IS200/IS605	group:IS1341	origin:Thermosynechococcus elongatus	ntlength:1323.0	orflength:390	numorfs:1.0	sbjct_start:261	sbjct_end:380	expected:2.00566e-31	score:283.0	query_length:475	query_start:17	identities:62	align_length:127	positives:76	query_end:397	frame:(2, 0)	bits:113.62	mod_query_start:2639525	mod_query_end:2639905	perc_of_orf:0.308	
ISstart	1619842	1620093	252	<unknown id>	ISCysp13_orf2 	IS200/IS605	-	281.0	3.70081e-32	(3, 0)	0.2	Cyanothece sp.	2.0	0	0	6	7	3	7	3	7	12	37	34	0	is_name:ISCysp13_orf2 	original_orf:420	original_aa_length:84	family:IS200/IS605	group:-	origin:Cyanothece sp.	ntlength:1836.0	orflength:420	numorfs:2.0	sbjct_start:2	sbjct_end:85	expected:3.70081e-32	score:281.0	query_length:261	query_start:3	identities:55	align_length:84	positives:63	query_end:254	frame:(3, 0)	bits:112.849	mod_query_start:1619841	mod_query_end:1620092	perc_of_orf:0.2	
IS	6453794	6454735	942	<unknown id>	ISCARN56_orf2 	IS607	-	276.0	3.49044e-28	(3, 0)	0.755	Metagenomic data	2.0	0	0	6	7	3	7	3	7	13	37	34	0	is_name:ISCARN56_orf2 	original_orf:400	original_aa_length:302	family:IS607	group:-	origin:Metagenomic data	ntlength:1894.0	orflength:400	numorfs:2.0	sbjct_start:1	sbjct_end:302	expected:3.49044e-28	score:276.0	query_length:1034	query_start:9	identities:88	align_length:321	positives:146	query_end:950	frame:(3, 0)	bits:110.923	mod_query_start:6453793	mod_query_end:6454734	perc_of_orf:0.755	
IS	1548960	1549406	447	<unknown id>	ISCbo6_orf1 	IS607	-	274.0	3.01948e-31	(3, 0)	0.755	Clostridium 	2.0	0	0	6	7	3	7	3	7	14	37	34	0	is_name:ISCbo6_orf1 	original_orf:208	original_aa_length:157	family:IS607	group:-	origin:Clostridium 	ntlength:1981.0	orflength:208	numorfs:2.0	sbjct_start:2	sbjct_end:158	expected:3.01948e-31	score:274.0	query_length:560	query_start:15	identities:62	align_length:157	positives:94	query_end:461	frame:(3, 0)	bits:110.153	mod_query_start:1548959	mod_query_end:1549405	perc_of_orf:0.755	
IS	3618500	3618940	441	<unknown id>	ISAcma4_orf1 	IS1	-	274.0	1.3479e-31	(-1, 0)	0.568	Acaryochloris marina	1.0	0	0	6	7	3	7	4	7	14	37	34	0	is_name:ISAcma4_orf1 	original_orf:229	original_aa_length:130	family:IS1	group:-	origin:Acaryochloris marina	ntlength:796.0	orflength:229	numorfs:1.0	sbjct_start:98	sbjct_end:227	expected:1.3479e-31	score:274.0	query_length:446	query_start:6	identities:67	align_length:150	positives:85	query_end:446	frame:(-1, 0)	bits:110.153	mod_query_start:3618499	mod_query_end:3618939	perc_of_orf:0.568	
IS	4214345	4214596	252	<unknown id>	ISTosp1_orf1 	IS200/IS605	IS1341	268.0	7.73954e-30	(-1, 0)	0.206	Tolypothrix sp.	1.0	0	0	7	7	3	7	4	7	14	37	34	0	is_name:ISTosp1_orf1 	original_orf:412	original_aa_length:85	family:IS200/IS605	group:IS1341	origin:Tolypothrix sp.	ntlength:1372.0	orflength:412	numorfs:1.0	sbjct_start:287	sbjct_end:371	expected:7.73954e-30	score:268.0	query_length:350	query_start:96	identities:51	align_length:85	positives:57	query_end:347	frame:(-1, 0)	bits:107.842	mod_query_start:4214344	mod_query_end:4214595	perc_of_orf:0.206	
ISstart	2210728	2210991	264	<unknown id>	ISTosp1_orf1 	IS200/IS605	IS1341	258.0	7.09298e-29	(3, 0)	0.218	Tolypothrix sp.	1.0	0	0	8	7	3	7	4	7	14	37	34	0	is_name:ISTosp1_orf1 	original_orf:412	original_aa_length:90	family:IS200/IS605	group:IS1341	origin:Tolypothrix sp.	ntlength:1372.0	orflength:412	numorfs:1.0	sbjct_start:2	sbjct_end:91	expected:7.09298e-29	score:258.0	query_length:266	query_start:3	identities:44	align_length:90	positives:70	query_end:266	frame:(3, 0)	bits:103.99	mod_query_start:2210727	mod_query_end:2210990	perc_of_orf:0.218	
IS	5156380	5156745	366	<unknown id>	ISBth14_orf1 	IS200/IS605	IS1341	252.0	6.9714e-27	(-1, 0)	0.243	Bacillus thuringiensis	1.0	0	0	9	7	3	7	4	7	14	37	34	0	is_name:ISBth14_orf1 	original_orf:489	original_aa_length:119	family:IS200/IS605	group:IS1341	origin:Bacillus thuringiensis	ntlength:1664.0	orflength:489	numorfs:1.0	sbjct_start:328	sbjct_end:446	expected:6.9714e-27	score:252.0	query_length:419	query_start:9	identities:53	align_length:122	positives:73	query_end:374	frame:(-1, 0)	bits:101.679	mod_query_start:5156379	mod_query_end:5156744	perc_of_orf:0.243	
ISstart	1137318	1137686	369	<unknown id>	ISMae37_orf1 	ISL3	-	246.0	1.01911e-26	(-1, 0)	0.32	Microcystis aeruginosa	1.0	0	0	9	8	3	7	4	7	14	37	34	0	is_name:ISMae37_orf1 	original_orf:384	original_aa_length:123	family:ISL3	group:-	origin:Microcystis aeruginosa	ntlength:1245.0	orflength:384	numorfs:1.0	sbjct_start:12	sbjct_end:134	expected:1.01911e-26	score:246.0	query_length:371	query_start:3	identities:50	align_length:123	positives:77	query_end:371	frame:(-1, 0)	bits:99.3673	mod_query_start:1137317	mod_query_end:1137685	perc_of_orf:0.32	
IS	3514556	3514828	273	<unknown id>	ISDge10_orf1 	IS200/IS605	-	241.0	2.09048e-28	(-1, 0)	0.689	Deinococcus geothermalis	2.0	0	0	9	8	3	7	4	8	14	37	34	0	is_name:ISDge10_orf1 	original_orf:132	original_aa_length:91	family:IS200/IS605	group:-	origin:Deinococcus geothermalis	ntlength:1757.0	orflength:132	numorfs:2.0	sbjct_start:1	sbjct_end:91	expected:2.09048e-28	score:241.0	query_length:299	query_start:15	identities:44	align_length:91	positives:63	query_end:287	frame:(-1, 0)	bits:97.4413	mod_query_start:3514555	mod_query_end:3514827	perc_of_orf:0.689	
ISstart	2694128	2694352	225	<unknown id>	ISAtsp6_orf3 	IS1	-	238.0	2.97592e-27	(3, 0)	0.332	Arthrospira sp.	3.0	0	0	9	9	3	7	4	8	14	37	34	0	is_name:ISAtsp6_orf3 	original_orf:226	original_aa_length:75	family:IS1	group:-	origin:Arthrospira sp.	ntlength:745.0	orflength:226	numorfs:3.0	sbjct_start:4	sbjct_end:78	expected:2.97592e-27	score:238.0	query_length:245	query_start:3	identities:39	align_length:75	positives:57	query_end:227	frame:(3, 0)	bits:96.2857	mod_query_start:2694127	mod_query_end:2694351	perc_of_orf:0.332	
ISend	1557967	1558185	219	<unknown id>	ISPlag1_orf1 	IS701	-	236.0	2.63681e-26	(-2, 0)	0.193	Planktothrix agardhii	1.0	0	0	10	9	3	7	4	8	14	37	34	0	is_name:ISPlag1_orf1 	original_orf:337	original_aa_length:65	family:IS701	group:-	origin:Planktothrix agardhii	ntlength:1306.0	orflength:337	numorfs:1.0	sbjct_start:258	sbjct_end:322	expected:2.63681e-26	score:236.0	query_length:225	query_start:3	identities:48	align_length:73	positives:56	query_end:221	frame:(-2, 0)	bits:95.5153	mod_query_start:1557966	mod_query_end:1558184	perc_of_orf:0.193	
ISstart	2897367	2897621	255	<unknown id>	ISCbt3_orf1 	IS607	-	225.0	7.21991e-30	(3, 0)	0.393	Clostridium botulinum	2.0	0	0	10	9	4	7	4	8	14	37	34	0	is_name:ISCbt3_orf1 	original_orf:219	original_aa_length:86	family:IS607	group:-	origin:Clostridium botulinum	ntlength:1986.0	orflength:219	numorfs:2.0	sbjct_start:5	sbjct_end:90	expected:7.21991e-30	score:225.0	query_length:427	query_start:3	identities:45	align_length:86	positives:65	query_end:257	frame:(3, 0)	bits:91.2781	mod_query_start:2897366	mod_query_end:2897620	perc_of_orf:0.393	
ISend	4964114	4964338	225	<unknown id>	ISBth17_orf1 	IS200/IS605	IS1341	222.0	1.05058e-22	(3, 0)	0.201	Bacillus thuringiensis	1.0	0	0	11	9	4	7	4	8	14	37	34	0	is_name:ISBth17_orf1 	original_orf:378	original_aa_length:76	family:IS200/IS605	group:IS1341	origin:Bacillus thuringiensis	ntlength:1395.0	orflength:378	numorfs:1.0	sbjct_start:303	sbjct_end:378	expected:1.05058e-22	score:222.0	query_length:476	query_start:156	identities:43	align_length:76	positives:55	query_end:380	frame:(3, 0)	bits:90.1225	mod_query_start:4964113	mod_query_end:4964337	perc_of_orf:0.201	
IS	6008002	6008241	240	<unknown id>	ISCysp21_orf1 	IS701	ISAba11	221.0	8.49273e-34	(-1, 0)	0.237	Cyanothece sp.	1.0	0	0	12	9	4	7	4	8	14	37	34	0	is_name:ISCysp21_orf1 	original_orf:321	original_aa_length:76	family:IS701	group:ISAba11	origin:Cyanothece sp.	ntlength:1139.0	orflength:321	numorfs:1.0	sbjct_start:201	sbjct_end:276	expected:8.49273e-34	score:221.0	query_length:484	query_start:140	identities:43	align_length:81	positives:59	query_end:379	frame:(-1, 0)	bits:89.7373	mod_query_start:6008001	mod_query_end:6008240	perc_of_orf:0.237	
ISstart	5631929	5632207	279	<unknown id>	ISTvi1_orf3 	ISKra4	ISKra4	220.0	3.97189e-23	(3, 0)	0.208	Thiocystis violascens	3.0	0	0	13	9	4	7	4	8	14	37	34	0	is_name:ISTvi1_orf3 	original_orf:437	original_aa_length:91	family:ISKra4	group:ISKra4	origin:Thiocystis violascens	ntlength:1417.0	orflength:437	numorfs:3.0	sbjct_start:80	sbjct_end:170	expected:3.97189e-23	score:220.0	query_length:305	query_start:27	identities:39	align_length:93	positives:62	query_end:305	frame:(3, 0)	bits:89.3521	mod_query_start:5631928	mod_query_end:5632206	perc_of_orf:0.208	
IS	6359741	6360049	309	<unknown id>	ISMae26_orf1 	IS630	-	219.0	8.10888e-25	(-1, 0)	0.701	Microcystis aeruginosa	3.0	0	0	13	9	4	7	4	9	14	37	34	0	is_name:ISMae26_orf1 	original_orf:147	original_aa_length:103	family:IS630	group:-	origin:Microcystis aeruginosa	ntlength:1030.0	orflength:147	numorfs:3.0	sbjct_start:1	sbjct_end:103	expected:8.10888e-25	score:219.0	query_length:311	query_start:3	identities:45	align_length:103	positives:71	query_end:311	frame:(-1, 0)	bits:88.9669	mod_query_start:6359740	mod_query_end:6360048	perc_of_orf:0.701	
IS	6145403	6146140	738	<unknown id>	ISSoc3_orf2 	IS200/IS605	-	216.0	1.17699e-20	(-1, 0)	0.515	Synechococcus sp.	2.0	0	0	13	9	4	8	4	9	14	37	34	0	is_name:ISSoc3_orf2 	original_orf:423	original_aa_length:218	family:IS200/IS605	group:-	origin:Synechococcus sp.	ntlength:1806.0	orflength:423	numorfs:2.0	sbjct_start:168	sbjct_end:385	expected:1.17699e-20	score:216.0	query_length:782	query_start:33	identities:77	align_length:246	positives:119	query_end:770	frame:(-1, 0)	bits:87.8113	mod_query_start:6145402	mod_query_end:6146139	perc_of_orf:0.515	
IS	6351895	6352176	282	<unknown id>	ISCbo6_orf1 	IS607	-	216.0	9.56928e-24	(-1, 0)	0.442	Clostridium 	2.0	0	0	13	9	5	8	4	9	14	37	34	0	is_name:ISCbo6_orf1 	original_orf:208	original_aa_length:92	family:IS607	group:-	origin:Clostridium 	ntlength:1981.0	orflength:208	numorfs:2.0	sbjct_start:105	sbjct_end:196	expected:9.56928e-24	score:216.0	query_length:317	query_start:36	identities:46	align_length:94	positives:68	query_end:317	frame:(-1, 0)	bits:87.8113	mod_query_start:6351894	mod_query_end:6352175	perc_of_orf:0.442	
IS	874550	874831	282	<unknown id>	ISSoc3_orf1 	IS200/IS605	-	214.0	5.01167e-24	(-1, 0)	0.599	Synechococcus sp.	2.0	0	0	13	9	5	8	5	9	14	37	34	0	is_name:ISSoc3_orf1 	original_orf:157	original_aa_length:94	family:IS200/IS605	group:-	origin:Synechococcus sp.	ntlength:1806.0	orflength:157	numorfs:2.0	sbjct_start:62	sbjct_end:155	expected:5.01167e-24	score:214.0	query_length:290	query_start:3	identities:51	align_length:94	positives:69	query_end:284	frame:(-1, 0)	bits:87.0409	mod_query_start:874549	mod_query_end:874830	perc_of_orf:0.599	
ISend	1704702	1704953	252	<unknown id>	ISMae36_orf1 	ISL3	-	210.0	3.92545e-22	(-1, 0)	0.188	Microcystis aeruginosa	1.0	0	0	14	9	5	8	5	9	14	37	34	0	is_name:ISMae36_orf1 	original_orf:404	original_aa_length:76	family:ISL3	group:-	origin:Microcystis aeruginosa	ntlength:1422.0	orflength:404	numorfs:1.0	sbjct_start:326	sbjct_end:401	expected:3.92545e-22	score:210.0	query_length:263	query_start:12	identities:52	align_length:84	positives:65	query_end:263	frame:(-1, 0)	bits:85.5001	mod_query_start:1704701	mod_query_end:1704952	perc_of_orf:0.188	
ISend	7225002	7225190	189	<unknown id>	ISAtsp1_orf1 	IS630	-	208.0	1.31698e-22	(2, 0)	0.216	Arthrospira sp.	1.0	0	0	15	9	5	8	5	9	14	37	34	0	is_name:ISAtsp1_orf1 	original_orf:291	original_aa_length:63	family:IS630	group:-	origin:Arthrospira sp.	ntlength:957.0	orflength:291	numorfs:1.0	sbjct_start:229	sbjct_end:291	expected:1.31698e-22	score:208.0	query_length:190	query_start:2	identities:36	align_length:63	positives:49	query_end:190	frame:(2, 0)	bits:84.7297	mod_query_start:7224672	mod_query_end:7224860	perc_of_orf:0.216	
ISstart	1399340	1399705	366	<unknown id>	ISNpu7_orf1 	IS701	-	207.0	4.9897e-21	(3, 0)	0.271	Nostoc punctiforme	1.0	0	0	15	10	5	8	5	9	14	37	34	0	is_name:ISNpu7_orf1 	original_orf:421	original_aa_length:114	family:IS701	group:-	origin:Nostoc punctiforme	ntlength:1414.0	orflength:421	numorfs:1.0	sbjct_start:2	sbjct_end:115	expected:4.9897e-21	score:207.0	query_length:368	query_start:3	identities:54	align_length:122	positives:70	query_end:368	frame:(3, 0)	bits:84.3445	mod_query_start:1399339	mod_query_end:1399704	perc_of_orf:0.271	
ISend	805875	806087	213	<unknown id>	ISMex30_orf3 	IS630	-	203.0	6.35991e-21	(-1, 0)	0.222	Methylobacterium extorquens	3.0	0	0	16	10	5	8	5	9	14	37	34	0	is_name:ISMex30_orf3 	original_orf:320	original_aa_length:71	family:IS630	group:-	origin:Methylobacterium extorquens	ntlength:1047.0	orflength:320	numorfs:3.0	sbjct_start:225	sbjct_end:295	expected:6.35991e-21	score:203.0	query_length:338	query_start:39	identities:38	align_length:71	positives:48	query_end:251	frame:(-1, 0)	bits:82.8037	mod_query_start:805874	mod_query_end:806086	perc_of_orf:0.222	
ISstart	975476	975970	495	<unknown id>	ISArma1_orf2 	IS607	-	202.0	1.32355e-19	(-2, 0)	0.269	Arthrospira maxima	2.0	0	0	16	11	5	8	5	9	14	37	34	0	is_name:ISArma1_orf2 	original_orf:420	original_aa_length:113	family:IS607	group:-	origin:Arthrospira maxima	ntlength:1766.0	orflength:420	numorfs:2.0	sbjct_start:48	sbjct_end:160	expected:1.32355e-19	score:202.0	query_length:552	query_start:6	identities:50	align_length:165	positives:72	query_end:500	frame:(-2, 0)	bits:82.4185	mod_query_start:975475	mod_query_end:975969	perc_of_orf:0.269	
ISend	5997574	5997705	132	<unknown id>	ISNpu15_orf3 	ISKra4	ISMich2	201.0	2.97754e-21	(3, 0)	0.126	Nostoc punctiforme	3.0	0	1	16	11	5	8	5	9	14	37	34	0	is_name:ISNpu15_orf3 	original_orf:348	original_aa_length:44	family:ISKra4	group:ISMich2	origin:Nostoc punctiforme	ntlength:1218.0	orflength:348	numorfs:3.0	sbjct_start:269	sbjct_end:312	expected:2.97754e-21	score:201.0	query_length:231	query_start:48	identities:36	align_length:44	positives:37	query_end:179	frame:(3, 0)	bits:82.0333	mod_query_start:5997573	mod_query_end:5997704	perc_of_orf:0.126	
ISstart	7195808	7196221	414	<unknown id>	ISNpu2_orf1 	IS630	-	199.0	7.77916e-20	(3, 0)	0.363	Nostoc punctiforme	1.0	0	1	16	11	6	8	5	9	14	37	34	0	is_name:ISNpu2_orf1 	original_orf:383	original_aa_length:139	family:IS630	group:-	origin:Nostoc punctiforme	ntlength:1220.0	orflength:383	numorfs:1.0	sbjct_start:8	sbjct_end:146	expected:7.77916e-20	score:199.0	query_length:416	query_start:3	identities:49	align_length:139	positives:73	query_end:416	frame:(3, 0)	bits:81.2629	mod_query_start:7195807	mod_query_end:7196220	perc_of_orf:0.363	
ISstart	1728748	1728858	111	<unknown id>	ISTel2_orf2 	IS200/IS605	-	195.0	6.50954e-21	(-1, 0)	0.094	Thermosynechococcus elongatus	2.0	0	2	16	11	6	8	5	9	14	37	34	0	is_name:ISTel2_orf2 	original_orf:392	original_aa_length:37	family:IS200/IS605	group:-	origin:Thermosynechococcus elongatus	ntlength:1675.0	orflength:392	numorfs:2.0	sbjct_start:1	sbjct_end:37	expected:6.50954e-21	score:195.0	query_length:113	query_start:3	identities:34	align_length:37	positives:36	query_end:113	frame:(-1, 0)	bits:79.7221	mod_query_start:1728747	mod_query_end:1728857	perc_of_orf:0.094	
wholeIS_0.8	4540091	4540477	387	<unknown id>	ISMae26_orf1 	IS630	-	192.0	2.49459e-20	(3, 0)	0.837	Microcystis aeruginosa	3.0	0	2	16	11	6	8	5	9	15	37	34	0	is_name:ISMae26_orf1 	original_orf:147	original_aa_length:123	family:IS630	group:-	origin:Microcystis aeruginosa	ntlength:1030.0	orflength:147	numorfs:3.0	sbjct_start:2	sbjct_end:124	expected:2.49459e-20	score:192.0	query_length:389	query_start:3	identities:53	align_length:129	positives:74	query_end:389	frame:(3, 0)	bits:78.5666	mod_query_start:4540090	mod_query_end:4540476	perc_of_orf:0.837	
ISmiddle	6725068	6725316	249	<unknown id>	ISMae36_orf1 	ISL3	-	192.0	1.09648e-19	(3, 0)	0.205	Microcystis aeruginosa	1.0	0	2	17	11	6	8	5	9	15	37	34	0	is_name:ISMae36_orf1 	original_orf:404	original_aa_length:83	family:ISL3	group:-	origin:Microcystis aeruginosa	ntlength:1422.0	orflength:404	numorfs:1.0	sbjct_start:154	sbjct_end:236	expected:1.09648e-19	score:192.0	query_length:254	query_start:6	identities:39	align_length:83	positives:59	query_end:254	frame:(3, 0)	bits:78.5666	mod_query_start:6725067	mod_query_end:6725315	perc_of_orf:0.205	
IS	458854	459390	537	<unknown id>	ISCaa3_orf3 	IS5	ISL2	190.0	4.12474e-19	(-3, 0)	0.636	Candidatus Amoebophilus	3.0	0	2	17	11	6	8	6	9	15	37	34	0	is_name:ISCaa3_orf3 	original_orf:275	original_aa_length:175	family:IS5	group:ISL2	origin:Candidatus Amoebophilus	ntlength:911.0	orflength:275	numorfs:3.0	sbjct_start:94	sbjct_end:268	expected:4.12474e-19	score:190.0	query_length:709	query_start:27	identities:54	align_length:183	positives:93	query_end:563	frame:(-3, 0)	bits:77.7962	mod_query_start:458853	mod_query_end:459389	perc_of_orf:0.636	
IS	1398963	1399154	192	<unknown id>	ISAcma46_orf1 	IS1182	-	190.0	1.84829e-19	(-1, 0)	0.116	Acaryochloris marina	1.0	0	3	17	11	6	8	6	9	15	37	34	0	is_name:ISAcma46_orf1 	original_orf:551	original_aa_length:64	family:IS1182	group:-	origin:Acaryochloris marina	ntlength:1864.0	orflength:551	numorfs:1.0	sbjct_start:365	sbjct_end:428	expected:1.84829e-19	score:190.0	query_length:218	query_start:3	identities:34	align_length:64	positives:43	query_end:194	frame:(-1, 0)	bits:77.7962	mod_query_start:1398962	mod_query_end:1399153	perc_of_orf:0.116	
ISstart	3865040	3865150	111	<unknown id>	ISTel2_orf2 	IS200/IS605	-	190.0	3.45812e-20	(3, 0)	0.094	Thermosynechococcus elongatus	2.0	0	4	17	11	6	8	6	9	15	37	34	0	is_name:ISTel2_orf2 	original_orf:392	original_aa_length:37	family:IS200/IS605	group:-	origin:Thermosynechococcus elongatus	ntlength:1675.0	orflength:392	numorfs:2.0	sbjct_start:2	sbjct_end:38	expected:3.45812e-20	score:190.0	query_length:113	query_start:3	identities:34	align_length:37	positives:36	query_end:113	frame:(3, 0)	bits:77.7962	mod_query_start:3865039	mod_query_end:3865149	perc_of_orf:0.094	
ISstart	6146248	6146754	507	<unknown id>	ISMma22_orf2 	IS200/IS605	-	190.0	4.75778e-18	(-1, 0)	0.37	Methanosarcina mazei	2.0	0	4	17	11	7	8	6	9	15	37	34	0	is_name:ISMma22_orf2 	original_orf:373	original_aa_length:138	family:IS200/IS605	group:-	origin:Methanosarcina mazei	ntlength:1658.0	orflength:373	numorfs:2.0	sbjct_start:6	sbjct_end:143	expected:4.75778e-18	score:190.0	query_length:533	query_start:12	identities:53	align_length:169	positives:77	query_end:518	frame:(-1, 0)	bits:77.7962	mod_query_start:6146247	mod_query_end:6146753	perc_of_orf:0.37	
ISend	1653449	1653556	108	<unknown id>	ISAva1_orf1 	IS4	ISH8	186.0	9.98222e-20	(-1, 0)	0.082	Anabaena variabilis	1.0	0	5	17	11	7	8	6	9	15	37	34	0	is_name:ISAva1_orf1 	original_orf:439	original_aa_length:36	family:IS4	group:ISH8	origin:Anabaena variabilis	ntlength:1617.0	orflength:439	numorfs:1.0	sbjct_start:318	sbjct_end:353	expected:9.98222e-20	score:186.0	query_length:110	query_start:3	identities:33	align_length:36	positives:36	query_end:110	frame:(-1, 0)	bits:76.2554	mod_query_start:1653448	mod_query_end:1653555	perc_of_orf:0.082	
ISend	805621	805800	180	<unknown id>	ISMae26_orf2 	IS630	-	185.0	6.5206e-20	(-1, 0)	0.278	Microcystis aeruginosa	3.0	0	5	17	12	7	8	6	9	15	37	34	0	is_name:ISMae26_orf2 	original_orf:216	original_aa_length:60	family:IS630	group:-	origin:Microcystis aeruginosa	ntlength:1030.0	orflength:216	numorfs:3.0	sbjct_start:154	sbjct_end:213	expected:6.5206e-20	score:185.0	query_length:182	query_start:3	identities:34	align_length:60	positives:39	query_end:182	frame:(-1, 0)	bits:75.8702	mod_query_start:805620	mod_query_end:805799	perc_of_orf:0.278	
ISend	1719981	1720190	210	<unknown id>	ISCARN56_orf2 	IS607	-	182.0	2.75377e-18	(-1, 0)	0.175	Metagenomic data	2.0	0	5	18	12	7	8	6	9	15	37	34	0	is_name:ISCARN56_orf2 	original_orf:400	original_aa_length:70	family:IS607	group:-	origin:Metagenomic data	ntlength:1894.0	orflength:400	numorfs:2.0	sbjct_start:317	sbjct_end:386	expected:2.75377e-18	score:182.0	query_length:260	query_start:6	identities:34	align_length:71	positives:50	query_end:215	frame:(-1, 0)	bits:74.7146	mod_query_start:1719980	mod_query_end:1720189	perc_of_orf:0.175	
ISmiddle	5120390	5120575	186	<unknown id>	ISAcma1_orf1 	IS6	-	181.0	1.05744e-18	(3, 0)	0.263	Acaryochloris marina	1.0	0	5	18	13	7	8	6	9	15	37	34	0	is_name:ISAcma1_orf1 	original_orf:236	original_aa_length:62	family:IS6	group:-	origin:Acaryochloris marina	ntlength:846.0	orflength:236	numorfs:1.0	sbjct_start:92	sbjct_end:153	expected:1.05744e-18	score:181.0	query_length:248	query_start:6	identities:37	align_length:62	positives:44	query_end:191	frame:(3, 0)	bits:74.3294	mod_query_start:5120389	mod_query_end:5120574	perc_of_orf:0.263	
ISstart	4433512	4433844	333	<unknown id>	ISLar1_orf1 	IS1595	IS1595	176.0	1.39404e-16	(3, 0)	0.362	Lentisphaera araneosa	1.0	0	5	18	13	8	8	6	9	15	37	34	0	is_name:ISLar1_orf1 	original_orf:315	original_aa_length:114	family:IS1595	group:IS1595	origin:Lentisphaera araneosa	ntlength:1039.0	orflength:315	numorfs:1.0	sbjct_start:20	sbjct_end:133	expected:1.39404e-16	score:176.0	query_length:482	query_start:30	identities:40	align_length:114	positives:59	query_end:362	frame:(3, 0)	bits:72.4034	mod_query_start:4433511	mod_query_end:4433843	perc_of_orf:0.362	
ISstart	825462	825827	366	<unknown id>	ISMae23_orf1 	IS630	-	174.0	3.19501e-16	(-1, 0)	0.319	Microcystis aeruginosa	1.0	0	5	18	14	8	8	6	9	15	37	34	0	is_name:ISMae23_orf1 	original_orf:385	original_aa_length:123	family:IS630	group:-	origin:Microcystis aeruginosa	ntlength:1230.0	orflength:385	numorfs:1.0	sbjct_start:15	sbjct_end:137	expected:3.19501e-16	score:174.0	query_length:443	query_start:48	identities:42	align_length:123	positives:68	query_end:413	frame:(-1, 0)	bits:71.633	mod_query_start:825461	mod_query_end:825826	perc_of_orf:0.319	
ISstart	1436178	1436324	147	<unknown id>	ISMae29_orf1 	IS630	-	174.0	6.21366e-19	(3, 0)	0.329	Microcystis aeruginosa	3.0	0	5	18	15	8	8	6	9	15	37	34	0	is_name:ISMae29_orf1 	original_orf:149	original_aa_length:49	family:IS630	group:-	origin:Microcystis aeruginosa	ntlength:1220.0	orflength:149	numorfs:3.0	sbjct_start:2	sbjct_end:50	expected:6.21366e-19	score:174.0	query_length:149	query_start:3	identities:33	align_length:49	positives:38	query_end:149	frame:(3, 0)	bits:71.633	mod_query_start:1436177	mod_query_end:1436323	perc_of_orf:0.329	
ISend	5628343	5628489	147	<unknown id>	ISNsp5_orf2 	ISKra4	ISMich2	173.0	3.91525e-17	(-1, 0)	0.207	Nostoc sp.	3.0	0	5	19	15	8	8	6	9	15	37	34	0	is_name:ISNsp5_orf2 	original_orf:319	original_aa_length:66	family:ISKra4	group:ISMich2	origin:Nostoc sp.	ntlength:1166.0	orflength:319	numorfs:3.0	sbjct_start:252	sbjct_end:317	expected:3.91525e-17	score:173.0	query_length:266	query_start:3	identities:37	align_length:66	positives:45	query_end:149	frame:(-1, 0)	bits:71.2478	mod_query_start:5628342	mod_query_end:5628488	perc_of_orf:0.207	
ISend	2392054	2392272	219	<unknown id>	ISMae41_orf1 	IS200/IS605	IS1341	170.0	7.16475e-17	(3, 0)	0.165	Microcystis aeruginosa	1.0	0	5	20	15	8	8	6	9	15	37	34	0	is_name:ISMae41_orf1 	original_orf:395	original_aa_length:65	family:IS200/IS605	group:IS1341	origin:Microcystis aeruginosa	ntlength:1321.0	orflength:395	numorfs:1.0	sbjct_start:321	sbjct_end:385	expected:7.16475e-17	score:170.0	query_length:224	query_start:6	identities:34	align_length:73	positives:42	query_end:224	frame:(3, 0)	bits:70.0922	mod_query_start:2392053	mod_query_end:2392271	perc_of_orf:0.165	
ISstart	400800	401039	240	<unknown id>	ISSoc6_orf2 	IS200/IS605	-	169.0	1.61137e-16	(3, 0)	0.195	Synechococcus sp.	2.0	0	5	21	15	8	8	6	9	15	37	34	0	is_name:ISSoc6_orf2 	original_orf:416	original_aa_length:81	family:IS200/IS605	group:-	origin:Synechococcus sp.	ntlength:1806.0	orflength:416	numorfs:2.0	sbjct_start:4	sbjct_end:84	expected:1.61137e-16	score:169.0	query_length:242	query_start:3	identities:35	align_length:82	positives:56	query_end:242	frame:(3, 0)	bits:69.707	mod_query_start:400799	mod_query_end:401038	perc_of_orf:0.195	
IS	2897624	2897782	159	<unknown id>	ISSoc2_orf1 	IS607	-	168.0	1.83773e-17	(3, 0)	0.259	Synechococcus sp.	2.0	0	5	21	16	8	8	6	9	15	37	34	0	is_name:ISSoc2_orf1 	original_orf:205	original_aa_length:53	family:IS607	group:-	origin:Synechococcus sp.	ntlength:1837.0	orflength:205	numorfs:2.0	sbjct_start:92	sbjct_end:144	expected:1.83773e-17	score:168.0	query_length:170	query_start:3	identities:27	align_length:53	positives:40	query_end:161	frame:(3, 0)	bits:69.3218	mod_query_start:2897366	mod_query_end:2897524	perc_of_orf:0.259	
ISend	2282027	2282203	177	<unknown id>	ISPlag1_orf1 	IS701	-	167.0	9.11251e-17	(3, 0)	0.175	Planktothrix agardhii	1.0	0	5	22	16	8	8	6	9	15	37	34	0	is_name:ISPlag1_orf1 	original_orf:337	original_aa_length:59	family:IS701	group:-	origin:Planktothrix agardhii	ntlength:1306.0	orflength:337	numorfs:1.0	sbjct_start:279	sbjct_end:337	expected:9.11251e-17	score:167.0	query_length:182	query_start:6	identities:32	align_length:59	positives:46	query_end:182	frame:(3, 0)	bits:68.9366	mod_query_start:2282026	mod_query_end:2282202	perc_of_orf:0.175	
IS	5547449	5547562	114	<unknown id>	ISBeg2_orf1 	IS1	-	165.0	4.53567e-17	(3, 0)	0.153	Beggiatoa sp.	1.0	0	5	23	16	8	8	6	9	15	37	34	0	is_name:ISBeg2_orf1 	original_orf:249	original_aa_length:38	family:IS1	group:-	origin:Beggiatoa sp.	ntlength:835.0	orflength:249	numorfs:1.0	sbjct_start:171	sbjct_end:208	expected:4.53567e-17	score:165.0	query_length:128	query_start:15	identities:26	align_length:38	positives:33	query_end:128	frame:(3, 0)	bits:68.1662	mod_query_start:5547448	mod_query_end:5547561	perc_of_orf:0.153	
ISend	2604847	2604963	117	<unknown id>	ISAva4_orf1 	IS1634	-	162.0	2.23181e-16	(-1, 0)	0.072	Anabaena variabilis	1.0	0	6	23	16	8	8	6	9	15	37	34	0	is_name:ISAva4_orf1 	original_orf:541	original_aa_length:39	family:IS1634	group:-	origin:Anabaena variabilis	ntlength:1691.0	orflength:541	numorfs:1.0	sbjct_start:502	sbjct_end:540	expected:2.23181e-16	score:162.0	query_length:119	query_start:3	identities:27	align_length:39	positives:36	query_end:119	frame:(-1, 0)	bits:67.0106	mod_query_start:2604846	mod_query_end:2604962	perc_of_orf:0.072	
ISend	9028	9252	225	<unknown id>	ISSoc6_orf2 	IS200/IS605	-	160.0	2.37115e-15	(3, 0)	0.161	Synechococcus sp.	2.0	0	6	24	16	8	8	6	9	15	37	34	0	is_name:ISSoc6_orf2 	original_orf:416	original_aa_length:67	family:IS200/IS605	group:-	origin:Synechococcus sp.	ntlength:1806.0	orflength:416	numorfs:2.0	sbjct_start:349	sbjct_end:415	expected:2.37115e-15	score:160.0	query_length:227	query_start:3	identities:45	align_length:75	positives:52	query_end:227	frame:(3, 0)	bits:66.2402	mod_query_start:9027	mod_query_end:9251	perc_of_orf:0.161	
ISstart	3105884	3106276	393	<unknown id>	ISNpu2_orf1 	IS630	-	159.0	5.20011e-14	(3, 0)	0.345	Nostoc punctiforme	1.0	0	6	24	17	8	8	6	9	15	37	34	0	is_name:ISNpu2_orf1 	original_orf:383	original_aa_length:132	family:IS630	group:-	origin:Nostoc punctiforme	ntlength:1220.0	orflength:383	numorfs:1.0	sbjct_start:9	sbjct_end:140	expected:5.20011e-14	score:159.0	query_length:503	query_start:3	identities:41	align_length:132	positives:63	query_end:395	frame:(3, 0)	bits:65.855	mod_query_start:3105883	mod_query_end:3106275	perc_of_orf:0.345	
IS	4836086	4836361	276	<unknown id>	ISMae26_orf2 	IS630	-	157.0	3.67044e-15	(3, 0)	0.44	Microcystis aeruginosa	3.0	0	6	24	17	9	8	6	9	15	37	34	0	is_name:ISMae26_orf2 	original_orf:216	original_aa_length:95	family:IS630	group:-	origin:Microcystis aeruginosa	ntlength:1030.0	orflength:216	numorfs:3.0	sbjct_start:120	sbjct_end:214	expected:3.67044e-15	score:157.0	query_length:284	query_start:3	identities:40	align_length:95	positives:50	query_end:278	frame:(3, 0)	bits:65.0846	mod_query_start:4836085	mod_query_end:4836360	perc_of_orf:0.44	
ISend	3660696	3660947	252	<unknown id>	ISDge18_orf1 	IS200/IS605	IS1341	156.0	1.02344e-14	(-1, 0)	0.205	Deinococcus geothermalis	1.0	0	6	25	17	9	8	6	9	15	37	34	0	is_name:ISDge18_orf1 	original_orf:414	original_aa_length:85	family:IS200/IS605	group:IS1341	origin:Deinococcus geothermalis	ntlength:1388.0	orflength:414	numorfs:1.0	sbjct_start:306	sbjct_end:390	expected:1.02344e-14	score:156.0	query_length:260	query_start:9	identities:36	align_length:85	positives:49	query_end:260	frame:(-1, 0)	bits:64.6994	mod_query_start:3660695	mod_query_end:3660946	perc_of_orf:0.205	
ISstart	1739816	1740052	237	<unknown id>	ISCARN20_orf1 	IS110	-	153.0	2.5641e-14	(-1, 0)	0.177	Metagenomic data	1.0	0	6	26	17	9	8	6	9	15	37	34	0	is_name:ISCARN20_orf1 	original_orf:441	original_aa_length:78	family:IS110	group:-	origin:Metagenomic data	ntlength:1628.0	orflength:441	numorfs:1.0	sbjct_start:120	sbjct_end:197	expected:2.5641e-14	score:153.0	query_length:242	query_start:6	identities:30	align_length:79	positives:52	query_end:242	frame:(-1, 0)	bits:63.5438	mod_query_start:1739815	mod_query_end:1740051	perc_of_orf:0.177	
ISend	2897974	2898108	135	<unknown id>	ISSoc2_orf1 	IS607	-	149.0	7.90891e-15	(3, 0)	0.22	Synechococcus sp.	2.0	0	6	27	17	9	8	6	9	15	37	34	0	is_name:ISSoc2_orf1 	original_orf:205	original_aa_length:45	family:IS607	group:-	origin:Synechococcus sp.	ntlength:1837.0	orflength:205	numorfs:2.0	sbjct_start:152	sbjct_end:196	expected:7.90891e-15	score:149.0	query_length:146	query_start:12	identities:25	align_length:45	positives:34	query_end:146	frame:(3, 0)	bits:62.003	mod_query_start:2897973	mod_query_end:2898107	perc_of_orf:0.22	
ISend	1466659	1466814	156	<unknown id>	ISBth14_orf1 	IS200/IS605	IS1341	147.0	5.29717e-14	(-1, 0)	0.108	Bacillus thuringiensis	1.0	0	7	27	17	9	8	6	9	15	37	34	0	is_name:ISBth14_orf1 	original_orf:489	original_aa_length:53	family:IS200/IS605	group:IS1341	origin:Bacillus thuringiensis	ntlength:1664.0	orflength:489	numorfs:1.0	sbjct_start:410	sbjct_end:462	expected:5.29717e-14	score:147.0	query_length:158	query_start:3	identities:31	align_length:53	positives:38	query_end:158	frame:(-1, 0)	bits:61.2326	mod_query_start:1466658	mod_query_end:1466813	perc_of_orf:0.108	
ISend	2093406	2093537	132	<unknown id>	ISBth14_orf1 	IS200/IS605	IS1341	147.0	3.44558e-14	(3, 0)	0.092	Bacillus thuringiensis	1.0	0	8	27	17	9	8	6	9	15	37	34	0	is_name:ISBth14_orf1 	original_orf:489	original_aa_length:45	family:IS200/IS605	group:IS1341	origin:Bacillus thuringiensis	ntlength:1664.0	orflength:489	numorfs:1.0	sbjct_start:428	sbjct_end:472	expected:3.44558e-14	score:147.0	query_length:134	query_start:3	identities:28	align_length:45	positives:37	query_end:134	frame:(3, 0)	bits:61.2326	mod_query_start:2093405	mod_query_end:2093536	perc_of_orf:0.092	
IS	7295431	7295607	177	<unknown id>	ISSoc2_orf1 	IS607	-	147.0	1.72307e-13	(-1, 0)	0.307	Synechococcus sp.	2.0	0	8	27	18	9	8	6	9	15	37	34	0	is_name:ISSoc2_orf1 	original_orf:205	original_aa_length:63	family:IS607	group:-	origin:Synechococcus sp.	ntlength:1837.0	orflength:205	numorfs:2.0	sbjct_start:91	sbjct_end:153	expected:1.72307e-13	score:147.0	query_length:337	query_start:2	identities:29	align_length:63	positives:40	query_end:178	frame:(-1, 0)	bits:61.2326	mod_query_start:7294084	mod_query_end:7294260	perc_of_orf:0.307	
IS	7476681	7476803	123	<unknown id>	ISBce3_orf1 	IS200/IS605	-	147.0	3.68829e-15	(2, 0)	0.308	Bacillus cereus	2.0	0	8	27	19	9	8	6	9	15	37	34	0	is_name:ISBce3_orf1 	original_orf:133	original_aa_length:41	family:IS200/IS605	group:-	origin:Bacillus cereus	ntlength:1813.0	orflength:133	numorfs:2.0	sbjct_start:91	sbjct_end:131	expected:3.68829e-15	score:147.0	query_length:127	query_start:5	identities:26	align_length:41	positives:34	query_end:127	frame:(2, 0)	bits:61.2326	mod_query_start:7476405	mod_query_end:7476527	perc_of_orf:0.308	
ISend	6007880	6007999	120	<unknown id>	ISCysp21_orf1 	IS701	ISAba11	144.0	7.07798e-14	(-3, 0)	0.125	Cyanothece sp.	1.0	0	9	27	19	9	8	6	9	15	37	34	0	is_name:ISCysp21_orf1 	original_orf:321	original_aa_length:40	family:IS701	group:ISAba11	origin:Cyanothece sp.	ntlength:1139.0	orflength:321	numorfs:1.0	sbjct_start:276	sbjct_end:315	expected:7.07798e-14	score:144.0	query_length:139	query_start:18	identities:29	align_length:40	positives:32	query_end:137	frame:(-3, 0)	bits:60.077	mod_query_start:6007879	mod_query_end:6007998	perc_of_orf:0.125	
ISstart	5278247	5278465	219	<unknown id>	ISCbt3_orf1 	IS607	-	143.0	3.58728e-13	(3, 0)	0.338	Clostridium botulinum	2.0	0	9	27	20	9	8	6	9	15	37	34	0	is_name:ISCbt3_orf1 	original_orf:219	original_aa_length:74	family:IS607	group:-	origin:Clostridium botulinum	ntlength:1986.0	orflength:219	numorfs:2.0	sbjct_start:4	sbjct_end:77	expected:3.58728e-13	score:143.0	query_length:288	query_start:15	identities:33	align_length:75	positives:44	query_end:233	frame:(3, 0)	bits:59.6918	mod_query_start:5278246	mod_query_end:5278464	perc_of_orf:0.338	
ISend	5248183	5248287	105	<unknown id>	ISTel2_orf2 	IS200/IS605	-	142.0	9.94948e-14	(-1, 0)	0.089	Thermosynechococcus elongatus	2.0	0	10	27	20	9	8	6	9	15	37	34	0	is_name:ISTel2_orf2 	original_orf:392	original_aa_length:35	family:IS200/IS605	group:-	origin:Thermosynechococcus elongatus	ntlength:1675.0	orflength:392	numorfs:2.0	sbjct_start:354	sbjct_end:388	expected:9.94948e-14	score:142.0	query_length:107	query_start:3	identities:27	align_length:35	positives:29	query_end:107	frame:(-1, 0)	bits:59.3066	mod_query_start:5248182	mod_query_end:5248286	perc_of_orf:0.089	
ISstart	1558929	1559030	102	<unknown id>	ISPlag1_orf1 	IS701	-	130.0	4.53538e-12	(-1, 0)	0.101	Planktothrix agardhii	1.0	0	11	27	20	9	8	6	9	15	37	34	0	is_name:ISPlag1_orf1 	original_orf:337	original_aa_length:34	family:IS701	group:-	origin:Planktothrix agardhii	ntlength:1306.0	orflength:337	numorfs:1.0	sbjct_start:1	sbjct_end:34	expected:4.53538e-12	score:130.0	query_length:107	query_start:6	identities:24	align_length:34	positives:29	query_end:107	frame:(-1, 0)	bits:54.6842	mod_query_start:1558928	mod_query_end:1559029	perc_of_orf:0.101	
ISstart	5278939	5279502	564	<unknown id>	ISMex23_orf1 	IS200/IS605	IS1341	114.0	1.20579e-07	(3, 0)	0.372	Methylobacterium extorquens	1.0	0	11	27	20	10	8	6	9	15	37	34	0	is_name:ISMex23_orf1 	original_orf:409	original_aa_length:152	family:IS200/IS605	group:IS1341	origin:Methylobacterium extorquens	ntlength:1390.0	orflength:409	numorfs:1.0	sbjct_start:17	sbjct_end:168	expected:1.20579e-07	score:114.0	query_length:606	query_start:9	identities:49	align_length:189	positives:75	query_end:572	frame:(3, 0)	bits:48.521	mod_query_start:5278938	mod_query_end:5279501	perc_of_orf:0.372	
ISstart	2659850	2659984	135	<unknown id>	ISArma1_orf2 	IS607	-	105.0	3.7958e-08	(2, 0)	0.107	Arthrospira maxima	2.0	0	12	27	20	10	8	6	9	15	37	34	0	is_name:ISArma1_orf2 	original_orf:420	original_aa_length:45	family:IS607	group:-	origin:Arthrospira maxima	ntlength:1766.0	orflength:420	numorfs:2.0	sbjct_start:48	sbjct_end:92	expected:3.7958e-08	score:105.0	query_length:196	query_start:62	identities:19	align_length:45	positives:31	query_end:196	frame:(2, 0)	bits:45.0542	mod_query_start:2659265	mod_query_end:2659399	perc_of_orf:0.107	
ISstart	6440836	6440949	114	<unknown id>	ISSoc3_orf1 	IS200/IS605	-	103.0	1.94474e-08	(3, 0)	0.242	Synechococcus sp.	2.0	0	12	28	20	10	8	6	9	15	37	34	0	is_name:ISSoc3_orf1 	original_orf:157	original_aa_length:38	family:IS200/IS605	group:-	origin:Synechococcus sp.	ntlength:1806.0	orflength:157	numorfs:2.0	sbjct_start:29	sbjct_end:66	expected:1.94474e-08	score:103.0	query_length:131	query_start:18	identities:21	align_length:38	positives:26	query_end:131	frame:(3, 0)	bits:44.2838	mod_query_start:6440835	mod_query_end:6440948	perc_of_orf:0.242	
ISstart	1799584	1799655	72	<unknown id>	IS891_orf1 	IS200/IS605	IS1341	92.0	4.39866e-07	(3, 0)	0.06	Anabaena sp	1.0	0	13	28	20	10	8	6	9	15	37	34	0	is_name:IS891_orf1 	original_orf:401	original_aa_length:24	family:IS200/IS605	group:IS1341	origin:Anabaena sp	ntlength:1352.0	orflength:401	numorfs:1.0	sbjct_start:30	sbjct_end:53	expected:4.39866e-07	score:92.0	query_length:75	query_start:3	identities:16	align_length:24	positives:18	query_end:74	frame:(3, 0)	bits:40.0466	mod_query_start:1799583	mod_query_end:1799654	perc_of_orf:0.06	
