name	start	end	length	id	type	isfamily	isgroup	is_score	is_expected	is_frame	is_perc_of_orf	is_origin	-5tolessthan5	5tolessthan15	15tolessthan25	25tolessthan35	35tolessthan45	45tolessthan55	55tolessthan65	65tolessthan75	75tolessthan85	85tolessthan95	95tolessthan105	105tolessthan115	completeIS_0.95	1515940	1517061	1122	<unknown id>	ISNsp3_orf2 	IS200/IS605	-	1679.0	0.0	(-3, 0)	1.0	Nostoc sp.	2.0	0	0	0	0	0	0	0	0	0	0	1	0	is_name:ISNsp3_orf2 	original_orf:374	original_aa_length:374	family:IS200/IS605	group:-	origin:Nostoc sp.	ntlength:1680.0	orflength:374	numorfs:2.0	sbjct_start:1	sbjct_end:374	expected:0.0	score:1679.0	query_length:1217	query_start:79	identities:305	align_length:374	positives:339	query_end:1200	frame:(-3, 0)	bits:651.358	mod_query_start:1515939	mod_query_end:1517060	perc_of_orf:1.0	
completeIS_0.95	763110	764285	1176	<unknown id>	IS891_orf1 	IS200/IS605	IS1341	1415.0	0.0	(-3, 0)	0.973	Anabaena sp	1.0	0	0	0	0	0	0	0	0	0	0	2	0	is_name:IS891_orf1 	original_orf:401	original_aa_length:390	family:IS200/IS605	group:IS1341	origin:Anabaena sp	ntlength:1352.0	orflength:401	numorfs:1.0	sbjct_start:1	sbjct_end:390	expected:0.0	score:1415.0	query_length:1250	query_start:67	identities:276	align_length:399	positives:309	query_end:1242	frame:(-3, 0)	bits:549.666	mod_query_start:763109	mod_query_end:764284	perc_of_orf:0.973	
completeIS_0.95	4344405	4345643	1239	<unknown id>	ISSoc6_orf2 	IS200/IS605	-	1136.0	5.18541e-155	(-3, 0)	0.993	Synechococcus sp.	2.0	0	0	0	0	0	0	0	0	0	0	3	0	is_name:ISSoc6_orf2 	original_orf:416	original_aa_length:413	family:IS200/IS605	group:-	origin:Synechococcus sp.	ntlength:1806.0	orflength:416	numorfs:2.0	sbjct_start:4	sbjct_end:416	expected:5.18541e-155	score:1136.0	query_length:1241	query_start:1	identities:222	align_length:415	positives:299	query_end:1239	frame:(-3, 0)	bits:442.195	mod_query_start:4344404	mod_query_end:4345642	perc_of_orf:0.993	
completeIS_0.95	1882035	1883234	1200	<unknown id>	ISTosp1_orf1 	IS200/IS605	IS1341	1133.0	7.74665e-155	(1, 0)	0.988	Tolypothrix sp.	1.0	0	0	0	0	0	0	0	0	0	0	4	0	is_name:ISTosp1_orf1 	original_orf:412	original_aa_length:407	family:IS200/IS605	group:IS1341	origin:Tolypothrix sp.	ntlength:1372.0	orflength:412	numorfs:1.0	sbjct_start:3	sbjct_end:409	expected:7.74665e-155	score:1133.0	query_length:1220	query_start:13	identities:240	align_length:412	positives:299	query_end:1212	frame:(1, 0)	bits:441.039	mod_query_start:1882034	mod_query_end:1883233	perc_of_orf:0.988	
completeIS_0.95	259448	260704	1257	<unknown id>	ISCysp13_orf2 	IS200/IS605	-	946.0	5.56741e-126	(1, 0)	0.955	Cyanothece sp.	2.0	0	0	0	0	0	0	0	0	0	0	5	0	is_name:ISCysp13_orf2 	original_orf:420	original_aa_length:401	family:IS200/IS605	group:-	origin:Cyanothece sp.	ntlength:1836.0	orflength:420	numorfs:2.0	sbjct_start:1	sbjct_end:401	expected:5.56741e-126	score:946.0	query_length:1280	query_start:7	identities:210	align_length:420	positives:272	query_end:1263	frame:(1, 0)	bits:369.007	mod_query_start:259447	mod_query_end:260703	perc_of_orf:0.955	
IS	4029628	4030485	858	<unknown id>	IS891_orf1 	IS200/IS605	IS1341	921.0	3.68939e-149	(-3, 0)	0.711	Anabaena sp	1.0	0	0	0	0	0	0	0	1	0	0	5	0	is_name:IS891_orf1 	original_orf:401	original_aa_length:285	family:IS200/IS605	group:IS1341	origin:Anabaena sp	ntlength:1352.0	orflength:401	numorfs:1.0	sbjct_start:1	sbjct_end:285	expected:3.68939e-149	score:921.0	query_length:1188	query_start:320	identities:189	align_length:293	positives:213	query_end:1177	frame:(-3, 0)	bits:359.377	mod_query_start:4029627	mod_query_end:4030484	perc_of_orf:0.711	
completeIS_0.95	5054510	5056201	1692	<unknown id>	ISMhu4_orf1 	IS1634	-	894.0	4.423e-114	(-3, 0)	0.976	Methanospirillum hungatei	1.0	0	0	0	0	0	0	0	1	0	0	6	0	is_name:ISMhu4_orf1 	original_orf:577	original_aa_length:563	family:IS1634	group:-	origin:Methanospirillum hungatei	ntlength:1816.0	orflength:577	numorfs:1.0	sbjct_start:4	sbjct_end:566	expected:4.423e-114	score:894.0	query_length:1703	query_start:1	identities:197	align_length:566	positives:318	query_end:1692	frame:(-3, 0)	bits:348.977	mod_query_start:5054509	mod_query_end:5056200	perc_of_orf:0.976	
wholeIS_0.8	1049426	1050538	1113	<unknown id>	ISSs1_orf1 	IS200/IS605	IS1341	893.0	1.04047e-117	(1, 0)	0.888	Synechococcus sp.	1.0	0	0	0	0	0	0	0	1	0	1	6	0	is_name:ISSs1_orf1 	original_orf:429	original_aa_length:381	family:IS200/IS605	group:IS1341	origin:Synechococcus sp.	ntlength:1481.0	orflength:429	numorfs:1.0	sbjct_start:2	sbjct_end:382	expected:1.04047e-117	score:893.0	query_length:1307	query_start:28	identities:190	align_length:384	positives:241	query_end:1140	frame:(1, 0)	bits:348.591	mod_query_start:1049425	mod_query_end:1050537	perc_of_orf:0.888	
IS	2656093	2656677	585	<unknown id>	IS895_orf3 	IS630	-	865.0	2.11551e-155	(3, 0)	0.527	Anabaena sp.	3.0	0	0	0	0	0	1	0	1	0	1	6	0	is_name:IS895_orf3 	original_orf:370	original_aa_length:195	family:IS630	group:-	origin:Anabaena sp.	ntlength:1192.0	orflength:370	numorfs:3.0	sbjct_start:173	sbjct_end:367	expected:2.11551e-155	score:865.0	query_length:1021	query_start:435	identities:154	align_length:195	positives:172	query_end:1019	frame:(3, 0)	bits:337.806	mod_query_start:2656092	mod_query_end:2656676	perc_of_orf:0.527	
wholeIS_0.8	1997924	1998847	924	<unknown id>	ISMae29_orf3 	IS630	-	822.0	4.76434e-116	(1, 0)	0.813	Microcystis aeruginosa	3.0	0	0	0	0	0	1	0	1	1	1	6	0	is_name:ISMae29_orf3 	original_orf:379	original_aa_length:308	family:IS630	group:-	origin:Microcystis aeruginosa	ntlength:1220.0	orflength:379	numorfs:3.0	sbjct_start:1	sbjct_end:308	expected:4.76434e-116	score:822.0	query_length:1143	query_start:4	identities:169	align_length:308	positives:220	query_end:927	frame:(1, 0)	bits:321.242	mod_query_start:1997923	mod_query_end:1998846	perc_of_orf:0.813	
wholeIS_0.8	2790920	2792095	1176	<unknown id>	ISSoc3_orf2 	IS200/IS605	-	813.0	2.15484e-106	(1, 0)	0.939	Synechococcus sp.	2.0	0	0	0	0	0	1	0	1	1	2	6	0	is_name:ISSoc3_orf2 	original_orf:423	original_aa_length:397	family:IS200/IS605	group:-	origin:Synechococcus sp.	ntlength:1806.0	orflength:423	numorfs:2.0	sbjct_start:1	sbjct_end:397	expected:2.15484e-106	score:813.0	query_length:1184	query_start:4	identities:169	align_length:399	positives:248	query_end:1179	frame:(1, 0)	bits:317.775	mod_query_start:2790919	mod_query_end:2792094	perc_of_orf:0.939	
wholeIS_0.8	2732809	2733954	1146	<unknown id>	ISSoc3_orf2 	IS200/IS605	-	810.0	8.82235e-106	(-3, 0)	0.915	Synechococcus sp.	2.0	0	0	0	0	0	1	0	1	1	3	6	0	is_name:ISSoc3_orf2 	original_orf:423	original_aa_length:387	family:IS200/IS605	group:-	origin:Synechococcus sp.	ntlength:1806.0	orflength:423	numorfs:2.0	sbjct_start:3	sbjct_end:389	expected:8.82235e-106	score:810.0	query_length:1232	query_start:82	identities:174	align_length:389	positives:244	query_end:1227	frame:(-3, 0)	bits:316.62	mod_query_start:2732808	mod_query_end:2733953	perc_of_orf:0.915	
IS	4989987	4990880	894	<unknown id>	ISSoc6_orf2 	IS200/IS605	-	809.0	2.65459e-107	(-3, 0)	0.716	Synechococcus sp.	2.0	0	0	0	0	0	1	0	2	1	3	6	0	is_name:ISSoc6_orf2 	original_orf:416	original_aa_length:298	family:IS200/IS605	group:-	origin:Synechococcus sp.	ntlength:1806.0	orflength:416	numorfs:2.0	sbjct_start:4	sbjct_end:301	expected:2.65459e-107	score:809.0	query_length:908	query_start:13	identities:151	align_length:300	positives:212	query_end:906	frame:(-3, 0)	bits:316.235	mod_query_start:4989986	mod_query_end:4990879	perc_of_orf:0.716	
wholeIS_0.8	2035440	2036591	1152	<unknown id>	ISSoc3_orf2 	IS200/IS605	-	804.0	4.37929e-105	(-3, 0)	0.92	Synechococcus sp.	2.0	0	0	0	0	0	1	0	2	1	4	6	0	is_name:ISSoc3_orf2 	original_orf:423	original_aa_length:389	family:IS200/IS605	group:-	origin:Synechococcus sp.	ntlength:1806.0	orflength:423	numorfs:2.0	sbjct_start:1	sbjct_end:389	expected:4.37929e-105	score:804.0	query_length:1184	query_start:25	identities:170	align_length:391	positives:243	query_end:1176	frame:(-3, 0)	bits:314.309	mod_query_start:2035439	mod_query_end:2036590	perc_of_orf:0.92	
completeIS_0.95	1765354	1766133	780	<unknown id>	ISAcma43_orf1 	IS5	IS1031	800.0	1.04699e-108	(1, 0)	0.985	Acaryochloris marina	1.0	0	0	0	0	0	1	0	2	1	4	7	0	is_name:ISAcma43_orf1 	original_orf:263	original_aa_length:259	family:IS5	group:IS1031	origin:Acaryochloris marina	ntlength:910.0	orflength:263	numorfs:1.0	sbjct_start:5	sbjct_end:263	expected:1.04699e-108	score:800.0	query_length:815	query_start:31	identities:164	align_length:260	positives:199	query_end:810	frame:(1, 0)	bits:312.768	mod_query_start:1765353	mod_query_end:1766132	perc_of_orf:0.985	
wholeIS_0.8	3234279	3235337	1059	<unknown id>	ISMma19_orf2 	IS200/IS605	-	800.0	1.72843e-105	(-3, 0)	0.947	Methanosarcina mazei	2.0	0	0	0	0	0	1	0	2	1	5	7	0	is_name:ISMma19_orf2 	original_orf:379	original_aa_length:359	family:IS200/IS605	group:-	origin:Methanosarcina mazei	ntlength:1708.0	orflength:379	numorfs:2.0	sbjct_start:12	sbjct_end:370	expected:1.72843e-105	score:800.0	query_length:1106	query_start:40	identities:174	align_length:359	positives:236	query_end:1098	frame:(-3, 0)	bits:312.768	mod_query_start:3234278	mod_query_end:3235336	perc_of_orf:0.947	
wholeIS_0.8	619483	620733	1251	<unknown id>	ISSoc6_orf2 	IS200/IS605	-	748.0	6.02953e-96	(-3, 0)	0.942	Synechococcus sp.	2.0	0	0	0	0	0	1	0	2	1	6	7	0	is_name:ISSoc6_orf2 	original_orf:416	original_aa_length:392	family:IS200/IS605	group:-	origin:Synechococcus sp.	ntlength:1806.0	orflength:416	numorfs:2.0	sbjct_start:24	sbjct_end:415	expected:6.02953e-96	score:748.0	query_length:1367	query_start:115	identities:166	align_length:421	positives:252	query_end:1365	frame:(-3, 0)	bits:292.738	mod_query_start:619482	mod_query_end:620732	perc_of_orf:0.942	
IS	1654258	1655007	750	<unknown id>	ISSs1_orf1 	IS200/IS605	IS1341	739.0	1.94784e-96	(1, 0)	0.58	Synechococcus sp.	1.0	0	0	0	0	0	1	1	2	1	6	7	0	is_name:ISSs1_orf1 	original_orf:429	original_aa_length:249	family:IS200/IS605	group:IS1341	origin:Synechococcus sp.	ntlength:1481.0	orflength:429	numorfs:1.0	sbjct_start:134	sbjct_end:382	expected:1.94784e-96	score:739.0	query_length:932	query_start:7	identities:142	align_length:250	positives:178	query_end:756	frame:(1, 0)	bits:289.271	mod_query_start:1654257	mod_query_end:1655006	perc_of_orf:0.58	
completeIS_0.95	3570437	3571624	1188	<unknown id>	ISPa18_orf1 	IS200/IS605	IS1341	668.0	1.3838e-84	(-3, 0)	0.984	Pseudomonas aeruginosa	1.0	0	0	0	0	0	1	1	2	1	6	8	0	is_name:ISPa18_orf1 	original_orf:372	original_aa_length:366	family:IS200/IS605	group:IS1341	origin:Pseudomonas aeruginosa	ntlength:1339.0	orflength:372	numorfs:1.0	sbjct_start:7	sbjct_end:372	expected:1.3838e-84	score:668.0	query_length:1343	query_start:121	identities:157	align_length:400	positives:226	query_end:1308	frame:(-3, 0)	bits:261.922	mod_query_start:3570436	mod_query_end:3571623	perc_of_orf:0.984	
completeIS_0.95	815174	816313	1140	<unknown id>	ISPa18_orf1 	IS200/IS605	IS1341	660.0	1.63556e-83	(1, 0)	0.968	Pseudomonas aeruginosa	1.0	0	0	0	0	0	1	1	2	1	6	9	0	is_name:ISPa18_orf1 	original_orf:372	original_aa_length:360	family:IS200/IS605	group:IS1341	origin:Pseudomonas aeruginosa	ntlength:1339.0	orflength:372	numorfs:1.0	sbjct_start:1	sbjct_end:360	expected:1.63556e-83	score:660.0	query_length:1319	query_start:52	identities:162	align_length:386	positives:227	query_end:1191	frame:(1, 0)	bits:258.84	mod_query_start:815173	mod_query_end:816312	perc_of_orf:0.968	
completeIS_0.95	4393399	4394517	1119	<unknown id>	ISEc42_orf1 	IS200/IS605	IS1341	608.0	4.41114e-76	(-3, 0)	0.992	Escherichia coli	1.0	0	0	0	0	0	1	1	2	1	6	10	0	is_name:ISEc42_orf1 	original_orf:376	original_aa_length:373	family:IS200/IS605	group:IS1341	origin:Escherichia coli	ntlength:1291.0	orflength:376	numorfs:1.0	sbjct_start:1	sbjct_end:373	expected:4.41114e-76	score:608.0	query_length:1223	query_start:79	identities:154	align_length:380	positives:218	query_end:1197	frame:(-3, 0)	bits:238.81	mod_query_start:4393398	mod_query_end:4394516	perc_of_orf:0.992	
IS	2655659	2656090	432	<unknown id>	IS895_orf1 	IS630	-	582.0	9.03501e-79	(1, 0)	0.762	Anabaena sp.	3.0	0	0	0	0	0	1	1	2	2	6	10	0	is_name:IS895_orf1 	original_orf:189	original_aa_length:144	family:IS630	group:-	origin:Anabaena sp.	ntlength:1192.0	orflength:189	numorfs:3.0	sbjct_start:28	sbjct_end:171	expected:9.03501e-79	score:582.0	query_length:434	query_start:1	identities:112	align_length:144	positives:124	query_end:432	frame:(1, 0)	bits:228.794	mod_query_start:2655658	mod_query_end:2656089	perc_of_orf:0.762	
IS	2431539	2431991	453	<unknown id>	ISAcma31_orf3 	IS630	-	565.0	3.11811e-74	(-3, 0)	0.515	Acaryochloris marina	3.0	0	0	0	0	0	2	1	2	2	6	10	0	is_name:ISAcma31_orf3 	original_orf:293	original_aa_length:151	family:IS630	group:-	origin:Acaryochloris marina	ntlength:939.0	orflength:293	numorfs:3.0	sbjct_start:142	sbjct_end:292	expected:3.11811e-74	score:565.0	query_length:500	query_start:1	identities:99	align_length:151	positives:122	query_end:453	frame:(-3, 0)	bits:222.246	mod_query_start:2431538	mod_query_end:2431990	perc_of_orf:0.515	
IS	1353833	1354480	648	<unknown id>	ISAcma15_orf1 	IS630	-	542.0	2.13373e-84	(3, 0)	0.647	Acaryochloris marina	1.0	0	0	0	0	0	2	2	2	2	6	10	0	is_name:ISAcma15_orf1 	original_orf:334	original_aa_length:216	family:IS630	group:-	origin:Acaryochloris marina	ntlength:1083.0	orflength:334	numorfs:1.0	sbjct_start:118	sbjct_end:333	expected:2.13373e-84	score:542.0	query_length:997	query_start:348	identities:103	align_length:216	positives:141	query_end:995	frame:(3, 0)	bits:213.386	mod_query_start:1353832	mod_query_end:1354479	perc_of_orf:0.647	
IS	1586612	1587559	948	<unknown id>	ISSs1_orf1 	IS200/IS605	IS1341	521.0	7.73348e-67	(1, 0)	0.758	Synechococcus sp.	1.0	0	0	0	0	0	2	2	2	3	6	10	0	is_name:ISSs1_orf1 	original_orf:429	original_aa_length:325	family:IS200/IS605	group:IS1341	origin:Synechococcus sp.	ntlength:1481.0	orflength:429	numorfs:1.0	sbjct_start:2	sbjct_end:326	expected:7.73348e-67	score:521.0	query_length:1249	query_start:7	identities:133	align_length:334	positives:178	query_end:954	frame:(1, 0)	bits:205.297	mod_query_start:1586611	mod_query_end:1587558	perc_of_orf:0.758	
IS	885963	886601	639	<unknown id>	ISAcma45_orf1 	IS5	-	510.0	1.732e-62	(-3, 0)	0.385	Acaryochloris marina	1.0	0	0	0	0	1	2	2	2	3	6	10	0	is_name:ISAcma45_orf1 	original_orf:553	original_aa_length:213	family:IS5	group:-	origin:Acaryochloris marina	ntlength:1830.0	orflength:553	numorfs:1.0	sbjct_start:332	sbjct_end:544	expected:1.732e-62	score:510.0	query_length:653	query_start:10	identities:92	align_length:213	positives:133	query_end:648	frame:(-3, 0)	bits:201.06	mod_query_start:885962	mod_query_end:886600	perc_of_orf:0.385	
IS	131199	131708	510	<unknown id>	ISAcma43_orf1 	IS5	IS1031	508.0	2.24356e-64	(-1, 0)	0.65	Acaryochloris marina	1.0	0	0	0	0	1	2	2	3	3	6	10	0	is_name:ISAcma43_orf1 	original_orf:263	original_aa_length:171	family:IS5	group:IS1031	origin:Acaryochloris marina	ntlength:910.0	orflength:263	numorfs:1.0	sbjct_start:93	sbjct_end:263	expected:2.24356e-64	score:508.0	query_length:828	query_start:16	identities:98	align_length:171	positives:124	query_end:525	frame:(-1, 0)	bits:200.29	mod_query_start:131198	mod_query_end:131707	perc_of_orf:0.65	
ISstart	772252	772743	492	<unknown id>	ISNpu8_orf1 	IS4	ISH8	502.0	4.31936e-63	(-3, 0)	0.369	Nostoc punctiforme	1.0	0	0	0	0	2	2	2	3	3	6	10	0	is_name:ISNpu8_orf1 	original_orf:439	original_aa_length:162	family:IS4	group:ISH8	origin:Nostoc punctiforme	ntlength:1412.0	orflength:439	numorfs:1.0	sbjct_start:2	sbjct_end:163	expected:4.31936e-63	score:502.0	query_length:494	query_start:1	identities:106	align_length:164	positives:129	query_end:492	frame:(-3, 0)	bits:197.978	mod_query_start:772251	mod_query_end:772742	perc_of_orf:0.369	
ISend	4029309	4029626	318	<unknown id>	IS891_orf1 	IS200/IS605	IS1341	469.0	1.55219e-59	(-2, 0)	0.262	Anabaena sp	1.0	0	0	0	1	2	2	2	3	3	6	10	0	is_name:IS891_orf1 	original_orf:401	original_aa_length:105	family:IS200/IS605	group:IS1341	origin:Anabaena sp	ntlength:1352.0	orflength:401	numorfs:1.0	sbjct_start:286	sbjct_end:390	expected:1.55219e-59	score:469.0	query_length:319	query_start:1	identities:89	align_length:106	positives:92	query_end:318	frame:(-2, 0)	bits:185.267	mod_query_start:4029308	mod_query_end:4029625	perc_of_orf:0.262	
IS	412959	413519	561	<unknown id>	ISAcma28_orf3 	IS630	-	457.0	9.91928e-59	(2, 0)	0.531	Acaryochloris marina	3.0	0	0	0	1	2	3	2	3	3	6	10	0	is_name:ISAcma28_orf3 	original_orf:352	original_aa_length:187	family:IS630	group:-	origin:Acaryochloris marina	ntlength:1130.0	orflength:352	numorfs:3.0	sbjct_start:160	sbjct_end:346	expected:9.91928e-59	score:457.0	query_length:729	query_start:164	identities:84	align_length:187	positives:122	query_end:724	frame:(2, 0)	bits:180.644	mod_query_start:412958	mod_query_end:413518	perc_of_orf:0.531	
IS	1517108	1517377	270	<unknown id>	ISNsp2_orf1 	IS200/IS605	-	444.0	3.28826e-59	(1, 0)	0.677	Nostoc sp.	2.0	0	0	0	1	2	3	2	4	3	6	10	0	is_name:ISNsp2_orf1 	original_orf:133	original_aa_length:90	family:IS200/IS605	group:-	origin:Nostoc sp.	ntlength:1718.0	orflength:133	numorfs:2.0	sbjct_start:1	sbjct_end:90	expected:3.28826e-59	score:444.0	query_length:320	query_start:1	identities:83	align_length:90	positives:87	query_end:270	frame:(1, 0)	bits:175.637	mod_query_start:1517107	mod_query_end:1517376	perc_of_orf:0.677	
IS	2695614	2696090	477	<unknown id>	ISSs1_orf1 	IS200/IS605	IS1341	442.0	2.1126e-53	(1, 0)	0.368	Synechococcus sp.	1.0	0	0	0	1	3	3	2	4	3	6	10	0	is_name:ISSs1_orf1 	original_orf:429	original_aa_length:158	family:IS200/IS605	group:IS1341	origin:Synechococcus sp.	ntlength:1481.0	orflength:429	numorfs:1.0	sbjct_start:215	sbjct_end:372	expected:2.1126e-53	score:442.0	query_length:656	query_start:4	identities:85	align_length:159	positives:111	query_end:480	frame:(1, 0)	bits:174.866	mod_query_start:2695613	mod_query_end:2696089	perc_of_orf:0.368	
ISend	2054942	2055289	348	<unknown id>	ISNpu6_orf1 	IS701	-	437.0	2.41331e-54	(1, 0)	0.265	Nostoc punctiforme	1.0	0	0	0	2	3	3	2	4	3	6	10	0	is_name:ISNpu6_orf1 	original_orf:442	original_aa_length:117	family:IS701	group:-	origin:Nostoc punctiforme	ntlength:1457.0	orflength:442	numorfs:1.0	sbjct_start:320	sbjct_end:436	expected:2.41331e-54	score:437.0	query_length:350	query_start:1	identities:75	align_length:117	positives:101	query_end:348	frame:(1, 0)	bits:172.94	mod_query_start:2054941	mod_query_end:2055288	perc_of_orf:0.265	
ISstart	3006075	3006632	558	<unknown id>	ISSoc6_orf2 	IS200/IS605	-	434.0	7.75186e-53	(1, 0)	0.447	Synechococcus sp.	2.0	0	0	0	2	4	3	2	4	3	6	10	0	is_name:ISSoc6_orf2 	original_orf:416	original_aa_length:186	family:IS200/IS605	group:-	origin:Synechococcus sp.	ntlength:1806.0	orflength:416	numorfs:2.0	sbjct_start:3	sbjct_end:188	expected:7.75186e-53	score:434.0	query_length:569	query_start:1	identities:87	align_length:188	positives:124	query_end:558	frame:(1, 0)	bits:171.785	mod_query_start:3006074	mod_query_end:3006631	perc_of_orf:0.447	
wholeIS_0.8	3571671	3572102	432	<unknown id>	ISSoc3_orf1 	IS200/IS605	-	431.0	5.48253e-56	(1, 0)	0.885	Synechococcus sp.	2.0	0	0	0	2	4	3	2	4	3	7	10	0	is_name:ISSoc3_orf1 	original_orf:157	original_aa_length:139	family:IS200/IS605	group:-	origin:Synechococcus sp.	ntlength:1806.0	orflength:157	numorfs:2.0	sbjct_start:19	sbjct_end:157	expected:5.48253e-56	score:431.0	query_length:464	query_start:1	identities:82	align_length:144	positives:103	query_end:432	frame:(1, 0)	bits:170.629	mod_query_start:3571670	mod_query_end:3572101	perc_of_orf:0.885	
ISstart	40107	40631	525	<unknown id>	ISSoc6_orf2 	IS200/IS605	-	427.0	4.36139e-52	(1, 0)	0.421	Synechococcus sp.	2.0	0	0	0	2	5	3	2	4	3	7	10	0	is_name:ISSoc6_orf2 	original_orf:416	original_aa_length:175	family:IS200/IS605	group:-	origin:Synechococcus sp.	ntlength:1806.0	orflength:416	numorfs:2.0	sbjct_start:3	sbjct_end:177	expected:4.36139e-52	score:427.0	query_length:527	query_start:1	identities:83	align_length:177	positives:123	query_end:525	frame:(1, 0)	bits:169.088	mod_query_start:40106	mod_query_end:40630	perc_of_orf:0.421	
wholeIS_0.8	810641	811228	588	<unknown id>	ISCbo6_orf1 	IS607	-	385.0	1.59044e-47	(1, 0)	0.938	Clostridium 	2.0	0	0	0	2	5	3	2	4	3	8	10	0	is_name:ISCbo6_orf1 	original_orf:208	original_aa_length:195	family:IS607	group:-	origin:Clostridium 	ntlength:1981.0	orflength:208	numorfs:2.0	sbjct_start:5	sbjct_end:199	expected:1.59044e-47	score:385.0	query_length:635	query_start:28	identities:77	align_length:197	positives:129	query_end:615	frame:(1, 0)	bits:152.91	mod_query_start:810640	mod_query_end:811227	perc_of_orf:0.938	
ISend	5298910	5299161	252	<unknown id>	ISAsp1_orf1 	ISL3	-	368.0	7.52096e-45	(1, 0)	0.204	Anabaena sp.	1.0	0	0	1	2	5	3	2	4	3	8	10	0	is_name:ISAsp1_orf1 	original_orf:407	original_aa_length:83	family:ISL3	group:-	origin:Anabaena sp.	ntlength:1419.0	orflength:407	numorfs:1.0	sbjct_start:324	sbjct_end:406	expected:7.52096e-45	score:368.0	query_length:260	query_start:7	identities:68	align_length:84	positives:74	query_end:258	frame:(1, 0)	bits:146.362	mod_query_start:5298909	mod_query_end:5299160	perc_of_orf:0.204	
ISend	35045	35347	303	<unknown id>	ISNpu6_orf1 	IS701	-	367.0	4.1458e-44	(1, 0)	0.231	Nostoc punctiforme	1.0	0	0	2	2	5	3	2	4	3	8	10	0	is_name:ISNpu6_orf1 	original_orf:442	original_aa_length:102	family:IS701	group:-	origin:Nostoc punctiforme	ntlength:1457.0	orflength:442	numorfs:1.0	sbjct_start:335	sbjct_end:436	expected:4.1458e-44	score:367.0	query_length:317	query_start:13	identities:63	align_length:102	positives:87	query_end:315	frame:(1, 0)	bits:145.976	mod_query_start:35044	mod_query_end:35346	perc_of_orf:0.231	
ISstart	129254	129682	429	<unknown id>	ISBwe2_orf1 	IS6	-	359.0	1.92693e-43	(-3, 0)	0.472	Bacillus weihenstephanensis	1.0	0	0	2	2	5	4	2	4	3	8	10	0	is_name:ISBwe2_orf1 	original_orf:235	original_aa_length:111	family:IS6	group:-	origin:Bacillus weihenstephanensis	ntlength:863.0	orflength:235	numorfs:1.0	sbjct_start:7	sbjct_end:117	expected:1.92693e-43	score:359.0	query_length:583	query_start:99	identities:72	align_length:143	positives:91	query_end:527	frame:(-3, 0)	bits:142.895	mod_query_start:129253	mod_query_end:129681	perc_of_orf:0.472	
IS	1005774	1006169	396	<unknown id>	ISSoc6_orf2 	IS200/IS605	-	353.0	8.83434e-42	(-3, 0)	0.312	Synechococcus sp.	2.0	0	0	2	3	5	4	2	4	3	8	10	0	is_name:ISSoc6_orf2 	original_orf:416	original_aa_length:130	family:IS200/IS605	group:-	origin:Synechococcus sp.	ntlength:1806.0	orflength:416	numorfs:2.0	sbjct_start:238	sbjct_end:367	expected:8.83434e-42	score:353.0	query_length:398	query_start:1	identities:71	align_length:132	positives:89	query_end:396	frame:(-3, 0)	bits:140.584	mod_query_start:1005773	mod_query_end:1006168	perc_of_orf:0.312	
ISstart	131719	131988	270	<unknown id>	ISAcma43_orf1 	IS5	IS1031	349.0	3.47575e-43	(-3, 0)	0.342	Acaryochloris marina	1.0	0	0	2	4	5	4	2	4	3	8	10	0	is_name:ISAcma43_orf1 	original_orf:263	original_aa_length:90	family:IS5	group:IS1031	origin:Acaryochloris marina	ntlength:910.0	orflength:263	numorfs:1.0	sbjct_start:1	sbjct_end:90	expected:3.47575e-43	score:349.0	query_length:303	query_start:11	identities:60	align_length:90	positives:72	query_end:280	frame:(-3, 0)	bits:139.043	mod_query_start:131193	mod_query_end:131462	perc_of_orf:0.342	
ISstart	4616655	4616978	324	<unknown id>	ISTosp1_orf1 	IS200/IS605	IS1341	344.0	5.77738e-41	(1, 0)	0.262	Tolypothrix sp.	1.0	0	0	2	5	5	4	2	4	3	8	10	0	is_name:ISTosp1_orf1 	original_orf:412	original_aa_length:108	family:IS200/IS605	group:IS1341	origin:Tolypothrix sp.	ntlength:1372.0	orflength:412	numorfs:1.0	sbjct_start:2	sbjct_end:109	expected:5.77738e-41	score:344.0	query_length:326	query_start:1	identities:74	align_length:108	positives:87	query_end:324	frame:(1, 0)	bits:137.117	mod_query_start:4616654	mod_query_end:4616977	perc_of_orf:0.262	
IS	1588122	1588562	441	<unknown id>	ISArch10_orf1 	IS4	IS4	342.0	1.07109e-39	(-3, 0)	0.319	uncultured archaeon	1.0	0	0	2	6	5	4	2	4	3	8	10	0	is_name:ISArch10_orf1 	original_orf:461	original_aa_length:147	family:IS4	group:IS4	origin:uncultured archaeon	ntlength:1519.0	orflength:461	numorfs:1.0	sbjct_start:314	sbjct_end:460	expected:1.07109e-39	score:342.0	query_length:452	query_start:1	identities:74	align_length:147	positives:90	query_end:441	frame:(-3, 0)	bits:136.346	mod_query_start:1588121	mod_query_end:1588561	perc_of_orf:0.319	
ISend	771817	772125	309	<unknown id>	ISNpu6_orf1 	IS701	-	336.0	3.25434e-51	(2, 0)	0.235	Nostoc punctiforme	1.0	0	0	3	6	5	4	2	4	3	8	10	0	is_name:ISNpu6_orf1 	original_orf:442	original_aa_length:104	family:IS701	group:-	origin:Nostoc punctiforme	ntlength:1457.0	orflength:442	numorfs:1.0	sbjct_start:315	sbjct_end:418	expected:3.25434e-51	score:336.0	query_length:507	query_start:197	identities:62	align_length:104	positives:81	query_end:505	frame:(2, 0)	bits:134.035	mod_query_start:771816	mod_query_end:772124	perc_of_orf:0.235	
IS	2453282	2453563	282	<unknown id>	ISPasp2_orf1 	IS982	-	318.0	3.13444e-38	(-3, 0)	0.318	Parachlamydia sp.	1.0	0	0	3	7	5	4	2	4	3	8	10	0	is_name:ISPasp2_orf1 	original_orf:292	original_aa_length:93	family:IS982	group:-	origin:Parachlamydia sp.	ntlength:1023.0	orflength:292	numorfs:1.0	sbjct_start:189	sbjct_end:281	expected:3.13444e-38	score:318.0	query_length:308	query_start:25	identities:57	align_length:94	positives:78	query_end:306	frame:(-3, 0)	bits:127.102	mod_query_start:2453281	mod_query_end:2453562	perc_of_orf:0.318	
IS	1558628	1559242	615	<unknown id>	ISHhu4_orf1 	IS200/IS605	IS1341	313.0	3.44832e-34	(-3, 0)	0.474	Halobacterium hubeiense	1.0	0	0	3	7	5	5	2	4	3	8	10	0	is_name:ISHhu4_orf1 	original_orf:418	original_aa_length:198	family:IS200/IS605	group:IS1341	origin:Halobacterium hubeiense	ntlength:1401.0	orflength:418	numorfs:1.0	sbjct_start:164	sbjct_end:361	expected:3.44832e-34	score:313.0	query_length:785	query_start:13	identities:78	align_length:209	positives:127	query_end:627	frame:(-3, 0)	bits:125.176	mod_query_start:1558627	mod_query_end:1559241	perc_of_orf:0.474	
ISstart	1353489	1353827	339	<unknown id>	ISMae24_orf1 	IS630	-	308.0	3.2981e-36	(1, 0)	0.34	Microcystis aeruginosa	1.0	0	0	3	8	5	5	2	4	3	8	10	0	is_name:ISMae24_orf1 	original_orf:332	original_aa_length:113	family:IS630	group:-	origin:Microcystis aeruginosa	ntlength:1084.0	orflength:332	numorfs:1.0	sbjct_start:1	sbjct_end:113	expected:3.2981e-36	score:308.0	query_length:347	query_start:4	identities:55	align_length:113	positives:87	query_end:342	frame:(1, 0)	bits:123.25	mod_query_start:1353488	mod_query_end:1353826	perc_of_orf:0.34	
wholeIS_0.8	4660368	4661432	1065	<unknown id>	ISHhu4_orf1 	IS200/IS605	IS1341	303.0	1.50914e-31	(-3, 0)	0.825	Halobacterium hubeiense	1.0	0	0	3	8	5	5	2	4	4	8	10	0	is_name:ISHhu4_orf1 	original_orf:418	original_aa_length:345	family:IS200/IS605	group:IS1341	origin:Halobacterium hubeiense	ntlength:1401.0	orflength:418	numorfs:1.0	sbjct_start:6	sbjct_end:350	expected:1.50914e-31	score:303.0	query_length:1130	query_start:61	identities:104	align_length:371	positives:181	query_end:1125	frame:(-3, 0)	bits:121.324	mod_query_start:4660367	mod_query_end:4661431	perc_of_orf:0.825	
IS	2273736	2274098	363	<unknown id>	ISSoc3_orf2 	IS200/IS605	-	302.0	1.33871e-33	(-2, 0)	0.284	Synechococcus sp.	2.0	0	0	3	9	5	5	2	4	4	8	10	0	is_name:ISSoc3_orf2 	original_orf:423	original_aa_length:120	family:IS200/IS605	group:-	origin:Synechococcus sp.	ntlength:1806.0	orflength:423	numorfs:2.0	sbjct_start:270	sbjct_end:389	expected:1.33871e-33	score:302.0	query_length:670	query_start:82	identities:62	align_length:121	positives:82	query_end:444	frame:(-2, 0)	bits:120.939	mod_query_start:2273735	mod_query_end:2274097	perc_of_orf:0.284	
IS	124224	124487	264	<unknown id>	ISSoc3_orf1 	IS200/IS605	-	300.0	7.11053e-37	(-3, 0)	0.561	Synechococcus sp.	2.0	0	0	3	9	5	5	3	4	4	8	10	0	is_name:ISSoc3_orf1 	original_orf:157	original_aa_length:88	family:IS200/IS605	group:-	origin:Synechococcus sp.	ntlength:1806.0	orflength:157	numorfs:2.0	sbjct_start:69	sbjct_end:156	expected:7.11053e-37	score:300.0	query_length:320	query_start:10	identities:50	align_length:88	positives:68	query_end:273	frame:(-3, 0)	bits:120.168	mod_query_start:124223	mod_query_end:124486	perc_of_orf:0.561	
ISend	1998849	1999058	210	<unknown id>	ISMae29_orf3 	IS630	-	282.0	9.48733e-33	(2, 0)	0.185	Microcystis aeruginosa	3.0	0	0	4	9	5	5	3	4	4	8	10	0	is_name:ISMae29_orf3 	original_orf:379	original_aa_length:70	family:IS630	group:-	origin:Microcystis aeruginosa	ntlength:1220.0	orflength:379	numorfs:3.0	sbjct_start:308	sbjct_end:377	expected:9.48733e-33	score:282.0	query_length:216	query_start:2	identities:53	align_length:70	positives:59	query_end:211	frame:(2, 0)	bits:113.235	mod_query_start:1997921	mod_query_end:1998130	perc_of_orf:0.185	
IS	5345603	5345947	345	<unknown id>	ISSoc3_orf2 	IS200/IS605	-	281.0	2.68822e-31	(-3, 0)	0.272	Synechococcus sp.	2.0	0	0	4	10	5	5	3	4	4	8	10	0	is_name:ISSoc3_orf2 	original_orf:423	original_aa_length:115	family:IS200/IS605	group:-	origin:Synechococcus sp.	ntlength:1806.0	orflength:423	numorfs:2.0	sbjct_start:270	sbjct_end:384	expected:2.68822e-31	score:281.0	query_length:395	query_start:43	identities:63	align_length:116	positives:78	query_end:387	frame:(-3, 0)	bits:112.849	mod_query_start:5345602	mod_query_end:5345946	perc_of_orf:0.272	
IS	4159938	4160192	255	<unknown id>	ISSs1_orf1 	IS200/IS605	IS1341	258.0	1.50255e-28	(1, 0)	0.196	Synechococcus sp.	1.0	0	0	5	10	5	5	3	4	4	8	10	0	is_name:ISSs1_orf1 	original_orf:429	original_aa_length:84	family:IS200/IS605	group:IS1341	origin:Synechococcus sp.	ntlength:1481.0	orflength:429	numorfs:1.0	sbjct_start:299	sbjct_end:382	expected:1.50255e-28	score:258.0	query_length:299	query_start:1	identities:49	align_length:85	positives:61	query_end:255	frame:(1, 0)	bits:103.99	mod_query_start:4159937	mod_query_end:4160191	perc_of_orf:0.196	
ISend	5883769	5883930	162	<unknown id>	ISNsp5_orf2 	ISKra4	ISMich2	255.0	3.9767e-29	(1, 0)	0.169	Nostoc sp.	3.0	0	0	6	10	5	5	3	4	4	8	10	0	is_name:ISNsp5_orf2 	original_orf:319	original_aa_length:54	family:ISKra4	group:ISMich2	origin:Nostoc sp.	ntlength:1166.0	orflength:319	numorfs:3.0	sbjct_start:265	sbjct_end:318	expected:3.9767e-29	score:255.0	query_length:218	query_start:46	identities:45	align_length:54	positives:50	query_end:207	frame:(1, 0)	bits:102.834	mod_query_start:5883768	mod_query_end:5883929	perc_of_orf:0.169	
ISstart	5423537	5423854	318	<unknown id>	ISMae26_orf3 	IS630	-	241.0	1.36678e-26	(1, 0)	0.335	Microcystis aeruginosa	3.0	0	0	6	11	5	5	3	4	4	8	10	0	is_name:ISMae26_orf3 	original_orf:316	original_aa_length:106	family:IS630	group:-	origin:Microcystis aeruginosa	ntlength:1030.0	orflength:316	numorfs:3.0	sbjct_start:1	sbjct_end:106	expected:1.36678e-26	score:241.0	query_length:326	query_start:1	identities:50	align_length:106	positives:73	query_end:318	frame:(1, 0)	bits:97.4413	mod_query_start:5423536	mod_query_end:5423853	perc_of_orf:0.335	
ISend	5473331	5473609	279	<unknown id>	ISSoc3_orf2 	IS200/IS605	-	241.0	1.00391e-25	(1, 0)	0.217	Synechococcus sp.	2.0	0	0	7	11	5	5	3	4	4	8	10	0	is_name:ISSoc3_orf2 	original_orf:423	original_aa_length:92	family:IS200/IS605	group:-	origin:Synechococcus sp.	ntlength:1806.0	orflength:423	numorfs:2.0	sbjct_start:297	sbjct_end:388	expected:1.00391e-25	score:241.0	query_length:377	query_start:13	identities:51	align_length:93	positives:63	query_end:291	frame:(1, 0)	bits:97.4413	mod_query_start:5473330	mod_query_end:5473608	perc_of_orf:0.217	
wholeIS_0.8	3370491	3371138	648	<unknown id>	ISAba8_orf2 	IS21	-	236.0	1.74524e-24	(1, 0)	0.848	Acinetobacter baumannii	2.0	0	0	7	11	5	5	3	4	5	8	10	0	is_name:ISAba8_orf2 	original_orf:257	original_aa_length:218	family:IS21	group:-	origin:Acinetobacter baumannii	ntlength:1867.0	orflength:257	numorfs:2.0	sbjct_start:28	sbjct_end:245	expected:1.74524e-24	score:236.0	query_length:734	query_start:73	identities:62	align_length:218	positives:110	query_end:720	frame:(1, 0)	bits:95.5153	mod_query_start:3370490	mod_query_end:3371137	perc_of_orf:0.848	
ISend	4947915	4948121	207	<unknown id>	ISAva4_orf1 	IS1634	-	235.0	6.23336e-25	(-3, 0)	0.128	Anabaena variabilis	1.0	0	1	7	11	5	5	3	4	5	8	10	0	is_name:ISAva4_orf1 	original_orf:541	original_aa_length:69	family:IS1634	group:-	origin:Anabaena variabilis	ntlength:1691.0	orflength:541	numorfs:1.0	sbjct_start:385	sbjct_end:453	expected:6.23336e-25	score:235.0	query_length:329	query_start:1	identities:45	align_length:69	positives:55	query_end:207	frame:(-3, 0)	bits:95.1301	mod_query_start:4947914	mod_query_end:4948120	perc_of_orf:0.128	
ISend	4616984	4617199	216	<unknown id>	ISTosp1_orf1 	IS200/IS605	IS1341	233.0	1.2185e-25	(1, 0)	0.172	Tolypothrix sp.	1.0	0	1	8	11	5	5	3	4	5	8	10	0	is_name:ISTosp1_orf1 	original_orf:412	original_aa_length:71	family:IS200/IS605	group:IS1341	origin:Tolypothrix sp.	ntlength:1372.0	orflength:412	numorfs:1.0	sbjct_start:338	sbjct_end:408	expected:1.2185e-25	score:233.0	query_length:218	query_start:1	identities:51	align_length:73	positives:56	query_end:216	frame:(1, 0)	bits:94.3597	mod_query_start:4616983	mod_query_end:4617198	perc_of_orf:0.172	
IS	4394583	4394795	213	<unknown id>	ISSoc3_orf1 	IS200/IS605	-	226.0	2.29641e-26	(1, 0)	0.452	Synechococcus sp.	2.0	0	1	8	11	5	6	3	4	5	8	10	0	is_name:ISSoc3_orf1 	original_orf:157	original_aa_length:71	family:IS200/IS605	group:-	origin:Synechococcus sp.	ntlength:1806.0	orflength:157	numorfs:2.0	sbjct_start:26	sbjct_end:96	expected:2.29641e-26	score:226.0	query_length:221	query_start:1	identities:39	align_length:71	positives:51	query_end:213	frame:(1, 0)	bits:91.6633	mod_query_start:4394582	mod_query_end:4394794	perc_of_orf:0.452	
IS	80915	81091	177	<unknown id>	ISSoc3_orf1 	IS200/IS605	-	219.0	2.53058e-25	(1, 0)	0.369	Synechococcus sp.	2.0	0	1	8	11	6	6	3	4	5	8	10	0	is_name:ISSoc3_orf1 	original_orf:157	original_aa_length:58	family:IS200/IS605	group:-	origin:Synechococcus sp.	ntlength:1806.0	orflength:157	numorfs:2.0	sbjct_start:96	sbjct_end:153	expected:2.53058e-25	score:219.0	query_length:197	query_start:13	identities:43	align_length:59	positives:49	query_end:189	frame:(1, 0)	bits:88.9669	mod_query_start:80914	mod_query_end:81090	perc_of_orf:0.369	
ISend	286641	286841	201	<unknown id>	ISBth17_orf1 	IS200/IS605	IS1341	216.0	4.4217e-21	(1, 0)	0.18	Bacillus thuringiensis	1.0	0	1	9	11	6	6	3	4	5	8	10	0	is_name:ISBth17_orf1 	original_orf:378	original_aa_length:68	family:IS200/IS605	group:IS1341	origin:Bacillus thuringiensis	ntlength:1395.0	orflength:378	numorfs:1.0	sbjct_start:309	sbjct_end:376	expected:4.4217e-21	score:216.0	query_length:689	query_start:406	identities:40	align_length:68	positives:50	query_end:606	frame:(1, 0)	bits:87.8113	mod_query_start:286640	mod_query_end:286840	perc_of_orf:0.18	
IS	1657468	1657584	117	<unknown id>	ISNsp2_orf1 	IS200/IS605	-	205.0	5.05267e-24	(1, 0)	0.293	Nostoc sp.	2.0	0	1	9	12	6	6	3	4	5	8	10	0	is_name:ISNsp2_orf1 	original_orf:133	original_aa_length:39	family:IS200/IS605	group:-	origin:Nostoc sp.	ntlength:1718.0	orflength:133	numorfs:2.0	sbjct_start:93	sbjct_end:131	expected:5.05267e-24	score:205.0	query_length:119	query_start:1	identities:36	align_length:39	positives:39	query_end:117	frame:(1, 0)	bits:83.5741	mod_query_start:1657467	mod_query_end:1657583	perc_of_orf:0.293	
ISend	4882796	4882978	183	<unknown id>	ISAtsp1_orf1 	IS630	-	205.0	4.38508e-28	(2, 0)	0.21	Arthrospira sp.	1.0	0	1	10	12	6	6	3	4	5	8	10	0	is_name:ISAtsp1_orf1 	original_orf:291	original_aa_length:61	family:IS630	group:-	origin:Arthrospira sp.	ntlength:957.0	orflength:291	numorfs:1.0	sbjct_start:228	sbjct_end:288	expected:4.38508e-28	score:205.0	query_length:288	query_start:104	identities:34	align_length:61	positives:47	query_end:286	frame:(2, 0)	bits:83.5741	mod_query_start:4882795	mod_query_end:4882977	perc_of_orf:0.21	
ISend	687411	687641	231	<unknown id>	ISSoc6_orf2 	IS200/IS605	-	195.0	4.83538e-20	(-3, 0)	0.185	Synechococcus sp.	2.0	0	1	11	12	6	6	3	4	5	8	10	0	is_name:ISSoc6_orf2 	original_orf:416	original_aa_length:77	family:IS200/IS605	group:-	origin:Synechococcus sp.	ntlength:1806.0	orflength:416	numorfs:2.0	sbjct_start:338	sbjct_end:414	expected:4.83538e-20	score:195.0	query_length:263	query_start:1	identities:43	align_length:77	positives:56	query_end:231	frame:(-3, 0)	bits:79.7221	mod_query_start:687410	mod_query_end:687640	perc_of_orf:0.185	
ISmiddle	3867208	3867504	297	<unknown id>	IS891_orf1 	IS200/IS605	IS1341	191.0	3.15694e-19	(-3, 0)	0.259	Anabaena sp	1.0	0	1	11	13	6	6	3	4	5	8	10	0	is_name:IS891_orf1 	original_orf:401	original_aa_length:104	family:IS200/IS605	group:IS1341	origin:Anabaena sp	ntlength:1352.0	orflength:401	numorfs:1.0	sbjct_start:129	sbjct_end:232	expected:3.15694e-19	score:191.0	query_length:299	query_start:1	identities:52	align_length:106	positives:66	query_end:297	frame:(-3, 0)	bits:78.1814	mod_query_start:3867207	mod_query_end:3867503	perc_of_orf:0.259	
ISstart	2703531	2703881	351	<unknown id>	ISSoc3_orf2 	IS200/IS605	-	190.0	9.63349e-19	(-3, 0)	0.291	Synechococcus sp.	2.0	0	1	11	14	6	6	3	4	5	8	10	0	is_name:ISSoc3_orf2 	original_orf:423	original_aa_length:123	family:IS200/IS605	group:-	origin:Synechococcus sp.	ntlength:1806.0	orflength:423	numorfs:2.0	sbjct_start:3	sbjct_end:125	expected:9.63349e-19	score:190.0	query_length:383	query_start:25	identities:42	align_length:123	positives:71	query_end:375	frame:(-3, 0)	bits:77.7962	mod_query_start:2703530	mod_query_end:2703880	perc_of_orf:0.291	
IS	2838940	2839218	279	<unknown id>	ISRfsp3_orf2 	IS5	ISL2	190.0	3.35152e-20	(1, 0)	0.503	Roseiflexus sp.	3.0	0	1	11	14	6	7	3	4	5	8	10	0	is_name:ISRfsp3_orf2 	original_orf:185	original_aa_length:93	family:IS5	group:ISL2	origin:Roseiflexus sp.	ntlength:1126.0	orflength:185	numorfs:3.0	sbjct_start:79	sbjct_end:171	expected:3.35152e-20	score:190.0	query_length:305	query_start:22	identities:39	align_length:93	positives:54	query_end:300	frame:(1, 0)	bits:77.7962	mod_query_start:2838939	mod_query_end:2839217	perc_of_orf:0.503	
ISstart	2798490	2798693	204	<unknown id>	ISAcma46_orf1 	IS1182	-	186.0	6.10906e-19	(-3, 0)	0.123	Acaryochloris marina	1.0	0	2	11	14	6	7	3	4	5	8	10	0	is_name:ISAcma46_orf1 	original_orf:551	original_aa_length:68	family:IS1182	group:-	origin:Acaryochloris marina	ntlength:1864.0	orflength:551	numorfs:1.0	sbjct_start:3	sbjct_end:70	expected:6.10906e-19	score:186.0	query_length:212	query_start:1	identities:32	align_length:68	positives:49	query_end:204	frame:(-3, 0)	bits:76.2554	mod_query_start:2798489	mod_query_end:2798692	perc_of_orf:0.123	
ISmiddle	836592	836714	123	<unknown id>	IS892_orf2 	ISNCY	IS892	183.0	3.42539e-20	(1, 0)	0.237	Anabaena sp.	2.0	0	2	12	14	6	7	3	4	5	8	10	0	is_name:IS892_orf2 	original_orf:173	original_aa_length:41	family:ISNCY	group:IS892	origin:Anabaena sp.	ntlength:1675.0	orflength:173	numorfs:2.0	sbjct_start:53	sbjct_end:93	expected:3.42539e-20	score:183.0	query_length:125	query_start:1	identities:30	align_length:41	positives:36	query_end:123	frame:(1, 0)	bits:75.0998	mod_query_start:836591	mod_query_end:836713	perc_of_orf:0.237	
ISend	613522	613674	153	<unknown id>	ISAcma3_orf3 	IS1	ISMhu11	182.0	4.12931e-19	(-3, 0)	0.182	Acaryochloris marina	3.0	0	2	13	14	6	7	3	4	5	8	10	0	is_name:ISAcma3_orf3 	original_orf:280	original_aa_length:51	family:IS1	group:ISMhu11	origin:Acaryochloris marina	ntlength:904.0	orflength:280	numorfs:3.0	sbjct_start:213	sbjct_end:263	expected:4.12931e-19	score:182.0	query_length:167	query_start:7	identities:34	align_length:51	positives:41	query_end:159	frame:(-3, 0)	bits:74.7146	mod_query_start:613521	mod_query_end:613673	perc_of_orf:0.182	
ISstart	4773980	4774267	288	<unknown id>	ISSoc6_orf2 	IS200/IS605	-	177.0	2.96623e-17	(-3, 0)	0.231	Synechococcus sp.	2.0	0	2	14	14	6	7	3	4	5	8	10	0	is_name:ISSoc6_orf2 	original_orf:416	original_aa_length:96	family:IS200/IS605	group:-	origin:Synechococcus sp.	ntlength:1806.0	orflength:416	numorfs:2.0	sbjct_start:12	sbjct_end:107	expected:2.96623e-17	score:177.0	query_length:320	query_start:1	identities:42	align_length:98	positives:61	query_end:288	frame:(-3, 0)	bits:72.7886	mod_query_start:4773979	mod_query_end:4774266	perc_of_orf:0.231	
ISmiddle	1364924	1365145	222	<unknown id>	ISAcma30_orf3 	IS630	-	173.0	2.8852e-17	(-3, 0)	0.199	Acaryochloris marina	3.0	0	2	15	14	6	7	3	4	5	8	10	0	is_name:ISAcma30_orf3 	original_orf:372	original_aa_length:74	family:IS630	group:-	origin:Acaryochloris marina	ntlength:1201.0	orflength:372	numorfs:3.0	sbjct_start:184	sbjct_end:257	expected:2.8852e-17	score:173.0	query_length:227	query_start:1	identities:33	align_length:74	positives:44	query_end:222	frame:(-3, 0)	bits:71.2478	mod_query_start:1364923	mod_query_end:1365144	perc_of_orf:0.199	
ISstart	2696091	2696261	171	<unknown id>	ISTosp1_orf1 	IS200/IS605	IS1341	173.0	1.59046e-17	(-3, 0)	0.143	Tolypothrix sp.	1.0	0	3	15	14	6	7	3	4	5	8	10	0	is_name:ISTosp1_orf1 	original_orf:412	original_aa_length:59	family:IS200/IS605	group:IS1341	origin:Tolypothrix sp.	ntlength:1372.0	orflength:412	numorfs:1.0	sbjct_start:3	sbjct_end:61	expected:1.59046e-17	score:173.0	query_length:176	query_start:1	identities:31	align_length:59	positives:47	query_end:171	frame:(-3, 0)	bits:71.2478	mod_query_start:2695610	mod_query_end:2695780	perc_of_orf:0.143	
ISend	2431034	2431252	219	<unknown id>	ISSoc6_orf2 	IS200/IS605	-	172.0	4.89642e-17	(-3, 0)	0.156	Synechococcus sp.	2.0	0	3	16	14	6	7	3	4	5	8	10	0	is_name:ISSoc6_orf2 	original_orf:416	original_aa_length:65	family:IS200/IS605	group:-	origin:Synechococcus sp.	ntlength:1806.0	orflength:416	numorfs:2.0	sbjct_start:303	sbjct_end:367	expected:4.89642e-17	score:172.0	query_length:221	query_start:1	identities:37	align_length:73	positives:47	query_end:219	frame:(-3, 0)	bits:70.8626	mod_query_start:2431033	mod_query_end:2431251	perc_of_orf:0.156	
IS	22458	22955	498	<unknown id>	ISSpu2_orf1 	IS630	-	171.0	1.35566e-15	(-3, 0)	0.487	Shewanella putrefaciens	1.0	0	3	16	14	6	8	3	4	5	8	10	0	is_name:ISSpu2_orf1 	original_orf:343	original_aa_length:167	family:IS630	group:-	origin:Shewanella putrefaciens	ntlength:1152.0	orflength:343	numorfs:1.0	sbjct_start:11	sbjct_end:177	expected:1.35566e-15	score:171.0	query_length:512	query_start:1	identities:44	align_length:167	positives:76	query_end:498	frame:(-3, 0)	bits:70.4774	mod_query_start:22457	mod_query_end:22954	perc_of_orf:0.487	
IS	771621	771815	195	<unknown id>	ISNpu6_orf1 	IS701	-	162.0	7.2033e-16	(1, 0)	0.127	Nostoc punctiforme	1.0	0	4	16	14	6	8	3	4	5	8	10	0	is_name:ISNpu6_orf1 	original_orf:442	original_aa_length:56	family:IS701	group:-	origin:Nostoc punctiforme	ntlength:1457.0	orflength:442	numorfs:1.0	sbjct_start:259	sbjct_end:314	expected:7.2033e-16	score:162.0	query_length:196	query_start:1	identities:33	align_length:65	positives:45	query_end:195	frame:(1, 0)	bits:67.0106	mod_query_start:771620	mod_query_end:771814	perc_of_orf:0.127	
ISend	1587562	1587771	210	<unknown id>	ISSs1_orf1 	IS200/IS605	IS1341	161.0	3.12891e-15	(3, 0)	0.179	Synechococcus sp.	1.0	0	4	17	14	6	8	3	4	5	8	10	0	is_name:ISSs1_orf1 	original_orf:429	original_aa_length:77	family:IS200/IS605	group:IS1341	origin:Synechococcus sp.	ntlength:1481.0	orflength:429	numorfs:1.0	sbjct_start:327	sbjct_end:403	expected:3.12891e-15	score:161.0	query_length:295	query_start:3	identities:35	align_length:78	positives:48	query_end:212	frame:(3, 0)	bits:66.6254	mod_query_start:1586607	mod_query_end:1586816	perc_of_orf:0.179	
ISend	3652648	3652926	279	<unknown id>	ISSoc6_orf2 	IS200/IS605	-	156.0	1.674e-14	(-3, 0)	0.183	Synechococcus sp.	2.0	0	4	18	14	6	8	3	4	5	8	10	0	is_name:ISSoc6_orf2 	original_orf:416	original_aa_length:76	family:IS200/IS605	group:-	origin:Synechococcus sp.	ntlength:1806.0	orflength:416	numorfs:2.0	sbjct_start:339	sbjct_end:414	expected:1.674e-14	score:156.0	query_length:287	query_start:7	identities:42	align_length:93	positives:54	query_end:285	frame:(-3, 0)	bits:64.6994	mod_query_start:3652647	mod_query_end:3652925	perc_of_orf:0.183	
ISend	5943626	5943754	129	<unknown id>	ISPasp2_orf1 	IS982	-	154.0	5.03628e-15	(1, 0)	0.147	Parachlamydia sp.	1.0	0	5	18	14	6	8	3	4	5	8	10	0	is_name:ISPasp2_orf1 	original_orf:292	original_aa_length:43	family:IS982	group:-	origin:Parachlamydia sp.	ntlength:1023.0	orflength:292	numorfs:1.0	sbjct_start:239	sbjct_end:281	expected:5.03628e-15	score:154.0	query_length:167	query_start:37	identities:27	align_length:43	positives:36	query_end:165	frame:(1, 0)	bits:63.929	mod_query_start:5943625	mod_query_end:5943753	perc_of_orf:0.147	
IS	262033	262326	294	<unknown id>	ISTko1_orf1 	IS607	-	152.0	4.38633e-14	(-3, 0)	0.459	Thermococcus kodakarensis	2.0	0	5	18	14	6	9	3	4	5	8	10	0	is_name:ISTko1_orf1 	original_orf:209	original_aa_length:96	family:IS607	group:-	origin:Thermococcus kodakarensis	ntlength:1960.0	orflength:209	numorfs:2.0	sbjct_start:64	sbjct_end:159	expected:4.38633e-14	score:152.0	query_length:368	query_start:70	identities:40	align_length:101	positives:60	query_end:363	frame:(-3, 0)	bits:63.1586	mod_query_start:262032	mod_query_end:262325	perc_of_orf:0.459	
ISend	3270102	3270218	117	<unknown id>	ISPlag1_orf1 	IS701	-	152.0	9.38523e-15	(1, 0)	0.116	Planktothrix agardhii	1.0	0	6	18	14	6	9	3	4	5	8	10	0	is_name:ISPlag1_orf1 	original_orf:337	original_aa_length:39	family:IS701	group:-	origin:Planktothrix agardhii	ntlength:1306.0	orflength:337	numorfs:1.0	sbjct_start:253	sbjct_end:291	expected:9.38523e-15	score:152.0	query_length:152	query_start:34	identities:30	align_length:39	positives:33	query_end:150	frame:(1, 0)	bits:63.1586	mod_query_start:3270101	mod_query_end:3270217	perc_of_orf:0.116	
ISstart	4948122	4948235	114	<unknown id>	ISAva4_orf1 	IS1634	-	147.0	2.71213e-14	(-3, 0)	0.07	Anabaena variabilis	1.0	0	7	18	14	6	9	3	4	5	8	10	0	is_name:ISAva4_orf1 	original_orf:541	original_aa_length:38	family:IS1634	group:-	origin:Anabaena variabilis	ntlength:1691.0	orflength:541	numorfs:1.0	sbjct_start:4	sbjct_end:41	expected:2.71213e-14	score:147.0	query_length:122	query_start:1	identities:29	align_length:38	positives:33	query_end:114	frame:(-3, 0)	bits:61.2326	mod_query_start:4947914	mod_query_end:4948027	perc_of_orf:0.07	
IS	4882693	4882794	102	<unknown id>	ISAcma25_orf3 	IS630	-	146.0	2.5184e-14	(1, 0)	0.117	Acaryochloris marina	3.0	0	8	18	14	6	9	3	4	5	8	10	0	is_name:ISAcma25_orf3 	original_orf:290	original_aa_length:34	family:IS630	group:-	origin:Acaryochloris marina	ntlength:950.0	orflength:290	numorfs:3.0	sbjct_start:193	sbjct_end:226	expected:2.5184e-14	score:146.0	query_length:103	query_start:1	identities:23	align_length:34	positives:28	query_end:102	frame:(1, 0)	bits:60.8474	mod_query_start:4882692	mod_query_end:4882793	perc_of_orf:0.117	
ISend	4042876	4043034	159	<unknown id>	ISPlag1_orf1 	IS701	-	145.0	9.98643e-14	(-3, 0)	0.157	Planktothrix agardhii	1.0	0	8	19	14	6	9	3	4	5	8	10	0	is_name:ISPlag1_orf1 	original_orf:337	original_aa_length:53	family:IS701	group:-	origin:Planktothrix agardhii	ntlength:1306.0	orflength:337	numorfs:1.0	sbjct_start:285	sbjct_end:337	expected:9.98643e-14	score:145.0	query_length:164	query_start:1	identities:28	align_length:53	positives:40	query_end:159	frame:(-3, 0)	bits:60.4622	mod_query_start:4042875	mod_query_end:4043033	perc_of_orf:0.157	
ISend	1646264	1646416	153	<unknown id>	ISEfa4_orf2 	IS200/IS605	-	144.0	1.00426e-13	(-3, 0)	0.134	Enterococcus faecium	2.0	0	9	19	14	6	9	3	4	5	8	10	0	is_name:ISEfa4_orf2 	original_orf:382	original_aa_length:51	family:IS200/IS605	group:-	origin:Enterococcus faecium	ntlength:1896.0	orflength:382	numorfs:2.0	sbjct_start:290	sbjct_end:340	expected:1.00426e-13	score:144.0	query_length:155	query_start:1	identities:27	align_length:51	positives:37	query_end:153	frame:(-3, 0)	bits:60.077	mod_query_start:1646263	mod_query_end:1646415	perc_of_orf:0.134	
IS	412796	412939	144	<unknown id>	ISAcma28_orf1 	IS630	-	143.0	3.19e-14	(1, 0)	0.302	Acaryochloris marina	3.0	0	9	19	15	6	9	3	4	5	8	10	0	is_name:ISAcma28_orf1 	original_orf:159	original_aa_length:48	family:IS630	group:-	origin:Acaryochloris marina	ntlength:1130.0	orflength:159	numorfs:3.0	sbjct_start:106	sbjct_end:153	expected:3.19e-14	score:143.0	query_length:163	query_start:1	identities:28	align_length:48	positives:35	query_end:144	frame:(1, 0)	bits:59.6918	mod_query_start:412795	mod_query_end:412938	perc_of_orf:0.302	
ISmiddle	2274101	2274307	207	<unknown id>	ISDge10_orf2 	IS200/IS605	-	143.0	4.41416e-13	(-3, 0)	0.176	Deinococcus geothermalis	2.0	0	9	20	15	6	9	3	4	5	8	10	0	is_name:ISDge10_orf2 	original_orf:391	original_aa_length:69	family:IS200/IS605	group:-	origin:Deinococcus geothermalis	ntlength:1757.0	orflength:391	numorfs:2.0	sbjct_start:176	sbjct_end:244	expected:4.41416e-13	score:143.0	query_length:226	query_start:3	identities:31	align_length:69	positives:45	query_end:209	frame:(-3, 0)	bits:59.6918	mod_query_start:2273656	mod_query_end:2273862	perc_of_orf:0.176	
ISmiddle	4881583	4881759	177	<unknown id>	ISAsp10_orf1 	IS4	IS10	143.0	1.85177e-17	(1, 0)	0.155	Anabaena sp.	1.0	0	9	21	15	6	9	3	4	5	8	10	0	is_name:ISAsp10_orf1 	original_orf:380	original_aa_length:59	family:IS4	group:IS10	origin:Anabaena sp.	ntlength:1270.0	orflength:380	numorfs:1.0	sbjct_start:122	sbjct_end:180	expected:1.85177e-17	score:143.0	query_length:312	query_start:19	identities:29	align_length:59	positives:39	query_end:195	frame:(1, 0)	bits:59.6918	mod_query_start:4881582	mod_query_end:4881758	perc_of_orf:0.155	
ISmiddle	3369372	3369638	267	<unknown id>	ISRme20_orf1 	IS21	-	140.0	2.02775e-12	(1, 0)	0.274	Ralstonia metallidurans	2.0	0	9	21	16	6	9	3	4	5	8	10	0	is_name:ISRme20_orf1 	original_orf:336	original_aa_length:92	family:IS21	group:-	origin:Ralstonia metallidurans	ntlength:1977.0	orflength:336	numorfs:2.0	sbjct_start:133	sbjct_end:224	expected:2.02775e-12	score:140.0	query_length:272	query_start:1	identities:36	align_length:96	positives:49	query_end:267	frame:(1, 0)	bits:58.5362	mod_query_start:3369371	mod_query_end:3369637	perc_of_orf:0.274	
ISmiddle	3926317	3926475	159	<unknown id>	ISPlu11_orf1 	IS982	-	139.0	6.61645e-13	(-3, 0)	0.18	Photorhabdus luminescens	1.0	0	9	22	16	6	9	3	4	5	8	10	0	is_name:ISPlu11_orf1 	original_orf:294	original_aa_length:53	family:IS982	group:-	origin:Photorhabdus luminescens	ntlength:988.0	orflength:294	numorfs:1.0	sbjct_start:133	sbjct_end:185	expected:6.61645e-13	score:139.0	query_length:173	query_start:1	identities:25	align_length:53	positives:37	query_end:159	frame:(-3, 0)	bits:58.151	mod_query_start:3926316	mod_query_end:3926474	perc_of_orf:0.18	
ISmiddle	129165	129242	78	<unknown id>	ISAcma1_orf1 	IS6	-	101.0	3.29497e-08	(-3, 0)	0.11	Acaryochloris marina	1.0	0	10	22	16	6	9	3	4	5	8	10	0	is_name:ISAcma1_orf1 	original_orf:236	original_aa_length:26	family:IS6	group:-	origin:Acaryochloris marina	ntlength:846.0	orflength:236	numorfs:1.0	sbjct_start:122	sbjct_end:147	expected:3.29497e-08	score:101.0	query_length:98	query_start:10	identities:18	align_length:26	positives:20	query_end:87	frame:(-3, 0)	bits:43.5134	mod_query_start:129164	mod_query_end:129241	perc_of_orf:0.11	
ISmiddle	4881764	4881874	111	<unknown id>	ISAsp10_orf1 	IS4	IS10	94.0	4.37706e-07	(2, 0)	0.097	Anabaena sp.	1.0	0	11	22	16	6	9	3	4	5	8	10	0	is_name:ISAsp10_orf1 	original_orf:380	original_aa_length:37	family:IS4	group:IS10	origin:Anabaena sp.	ntlength:1270.0	orflength:380	numorfs:1.0	sbjct_start:183	sbjct_end:219	expected:4.37706e-07	score:94.0	query_length:117	query_start:5	identities:20	align_length:37	positives:25	query_end:115	frame:(2, 0)	bits:40.817	mod_query_start:4881568	mod_query_end:4881678	perc_of_orf:0.097	
